nameWithOwner,createdAt,closedIssues,totalIssues
freeCodeCamp/freeCodeCamp,2014-12-24T17:49:19Z,{'totalCount': 14531},{'totalCount': 14727}
996icu/996.ICU,2019-03-26T07:31:14Z,{'totalCount': 0},{'totalCount': 0}
vuejs/vue,2013-07-29T03:24:51Z,{'totalCount': 8844},{'totalCount': 9175}
EbookFoundation/free-programming-books,2013-10-11T06:50:37Z,{'totalCount': 423},{'totalCount': 459}
facebook/react,2013-05-24T16:15:54Z,{'totalCount': 9104},{'totalCount': 9563}
tensorflow/tensorflow,2015-11-07T01:19:20Z,{'totalCount': 23914},{'totalCount': 27651}
twbs/bootstrap,2011-07-29T21:19:00Z,{'totalCount': 19233},{'totalCount': 19580}
sindresorhus/awesome,2014-07-11T13:42:37Z,{'totalCount': 242},{'totalCount': 257}
jwasham/coding-interview-university,2016-06-06T02:34:12Z,{'totalCount': 134},{'totalCount': 163}
getify/You-Dont-Know-JS,2013-11-16T02:37:24Z,{'totalCount': 776},{'totalCount': 850}
kamranahmedse/developer-roadmap,2017-03-15T13:45:52Z,{'totalCount': 431},{'totalCount': 459}
ohmyzsh/ohmyzsh,2009-08-28T18:15:37Z,{'totalCount': 3302},{'totalCount': 3519}
CyC2018/CS-Notes,2018-02-13T14:56:24Z,{'totalCount': 378},{'totalCount': 430}
github/gitignore,2010-11-08T20:17:14Z,{'totalCount': 0},{'totalCount': 0}
donnemartin/system-design-primer,2017-02-26T16:15:28Z,{'totalCount': 52},{'totalCount': 136}
microsoft/vscode,2015-09-03T20:23:38Z,{'totalCount': 91962},{'totalCount': 97203}
flutter/flutter,2015-03-06T22:54:58Z,{'totalCount': 35320},{'totalCount': 43174}
airbnb/javascript,2012-11-01T23:13:50Z,{'totalCount': 946},{'totalCount': 1023}
torvalds/linux,2011-09-04T22:48:12Z,{'totalCount': 0},{'totalCount': 0}
public-apis/public-apis,2016-03-20T23:49:42Z,{'totalCount': 123},{'totalCount': 143}
d3/d3,2010-09-27T17:22:42Z,{'totalCount': 2047},{'totalCount': 2052}
jackfrued/Python-100-Days,2018-03-01T16:05:52Z,{'totalCount': 71},{'totalCount': 413}
facebook/react-native,2015-01-09T18:10:16Z,{'totalCount': 19314},{'totalCount': 20114}
Snailclimb/JavaGuide,2018-05-07T13:27:00Z,{'totalCount': 430},{'totalCount': 458}
vinta/awesome-python,2014-06-27T21:00:06Z,{'totalCount': 175},{'totalCount': 175}
electron/electron,2013-04-12T01:47:36Z,{'totalCount': 12378},{'totalCount': 13697}
TheAlgorithms/Python,2016-07-16T09:44:01Z,{'totalCount': 398},{'totalCount': 402}
danistefanovic/build-your-own-x,2018-05-09T12:03:18Z,{'totalCount': 275},{'totalCount': 347}
facebook/create-react-app,2016-07-17T14:55:11Z,{'totalCount': 5660},{'totalCount': 6190}
trekhleb/javascript-algorithms,2018-03-24T07:47:04Z,{'totalCount': 100},{'totalCount': 157}
jlevy/the-art-of-command-line,2015-05-20T15:11:03Z,{'totalCount': 83},{'totalCount': 174}
axios/axios,2014-08-18T22:30:27Z,{'totalCount': 2360},{'totalCount': 2557}
golang/go,2014-08-19T04:33:40Z,{'totalCount': 33785},{'totalCount': 39906}
nodejs/node,2014-11-26T19:57:11Z,{'totalCount': 11261},{'totalCount': 12146}
ytdl-org/youtube-dl,2010-10-31T14:35:07Z,{'totalCount': 18271},{'totalCount': 21424}
kubernetes/kubernetes,2014-06-06T22:56:04Z,{'totalCount': 34058},{'totalCount': 36089}
justjavac/free-programming-books-zh_CN,2013-11-04T01:59:19Z,{'totalCount': 0},{'totalCount': 0}
animate-css/animate.css,2011-10-12T10:07:38Z,{'totalCount': 730},{'totalCount': 733}
microsoft/terminal,2017-08-11T18:38:22Z,{'totalCount': 4940},{'totalCount': 6005}
denoland/deno,2018-05-15T01:34:26Z,{'totalCount': 2464},{'totalCount': 3061}
tensorflow/models,2016-02-05T01:15:20Z,{'totalCount': 4930},{'totalCount': 5814}
angular/angular,2014-09-18T16:12:01Z,{'totalCount': 18774},{'totalCount': 21485}
ossu/computer-science,2014-05-04T00:18:39Z,{'totalCount': 475},{'totalCount': 481}
puppeteer/puppeteer,2017-05-09T22:16:13Z,{'totalCount': 3094},{'totalCount': 4295}
microsoft/TypeScript,2014-06-17T15:28:39Z,{'totalCount': 23186},{'totalCount': 27631}
FortAwesome/Font-Awesome,2012-02-17T14:19:43Z,{'totalCount': 10977},{'totalCount': 16463}
mrdoob/three.js,2010-03-23T18:58:01Z,{'totalCount': 9584},{'totalCount': 10021}
ant-design/ant-design,2015-04-24T15:37:24Z,{'totalCount': 18303},{'totalCount': 18781}
labuladong/fucking-algorithm,2020-02-19T09:01:23Z,{'totalCount': 194},{'totalCount': 216}
30-seconds/30-seconds-of-code,2017-11-29T17:35:03Z,{'totalCount': 256},{'totalCount': 258}
laravel/laravel,2011-06-08T03:06:08Z,{'totalCount': 0},{'totalCount': 0}
mui-org/material-ui,2014-08-18T19:11:54Z,{'totalCount': 11306},{'totalCount': 11738}
iluwatar/java-design-patterns,2014-08-09T16:45:18Z,{'totalCount': 410},{'totalCount': 639}
PanJiaChen/vue-element-admin,2017-04-17T03:35:49Z,{'totalCount': 2203},{'totalCount': 2903}
angular/angular.js,2010-01-06T00:34:37Z,{'totalCount': 8612},{'totalCount': 9001}
MisterBooo/LeetCodeAnimation,2018-12-06T08:01:22Z,{'totalCount': 39},{'totalCount': 45}
moby/moby,2013-01-18T18:10:57Z,{'totalCount': 16769},{'totalCount': 20424}
avelino/awesome-go,2014-07-06T13:42:15Z,{'totalCount': 229},{'totalCount': 236}
vuejs/awesome-vue,2015-10-20T00:16:14Z,{'totalCount': 115},{'totalCount': 181}
webpack/webpack,2012-03-10T10:08:14Z,{'totalCount': 7107},{'totalCount': 7367}
nvbn/thefuck,2015-04-08T15:08:04Z,{'totalCount': 363},{'totalCount': 557}
reduxjs/redux,2015-05-29T23:53:15Z,{'totalCount': 1770},{'totalCount': 1804}
jquery/jquery,2009-04-03T15:20:14Z,{'totalCount': 1990},{'totalCount': 2052}
apple/swift,2015-10-23T21:15:07Z,{'totalCount': 0},{'totalCount': 0}
storybookjs/storybook,2016-03-18T04:23:44Z,{'totalCount': 5539},{'totalCount': 6195}
vercel/next.js,2016-10-05T23:32:51Z,{'totalCount': 6795},{'totalCount': 7299}
hakimel/reveal.js,2011-06-07T18:54:22Z,{'totalCount': 1365},{'totalCount': 1865}
atom/atom,2012-01-20T18:18:21Z,{'totalCount': 15389},{'totalCount': 16039}
goldbergyoni/nodebestpractices,2017-09-15T08:33:19Z,{'totalCount': 193},{'totalCount': 208}
pallets/flask,2010-04-06T11:11:59Z,{'totalCount': 1969},{'totalCount': 1988}
django/django,2012-04-28T02:47:18Z,{'totalCount': 0},{'totalCount': 0}
elastic/elasticsearch,2010-02-08T13:20:56Z,{'totalCount': 22196},{'totalCount': 24832}
socketio/socket.io,2010-03-11T18:24:48Z,{'totalCount': 2377},{'totalCount': 2882}
tonsky/FiraCode,2014-11-11T19:32:38Z,{'totalCount': 741},{'totalCount': 982}
spring-projects/spring-boot,2012-10-19T15:02:57Z,{'totalCount': 18272},{'totalCount': 18766}
shadowsocks/shadowsocks-windows,2013-01-14T07:54:16Z,{'totalCount': 2491},{'totalCount': 2546}
chartjs/Chart.js,2013-03-17T23:56:36Z,{'totalCount': 5011},{'totalCount': 5366}
expressjs/express,2009-06-26T18:56:01Z,{'totalCount': 3274},{'totalCount': 3368}
keras-team/keras,2015-03-28T00:35:42Z,{'totalCount': 7189},{'totalCount': 10259}
typicode/json-server,2013-11-27T13:21:13Z,{'totalCount': 405},{'totalCount': 898}
chrislgarry/Apollo-11,2014-04-03T15:45:02Z,{'totalCount': 277},{'totalCount': 364}
Semantic-Org/Semantic-UI,2013-04-08T23:32:04Z,{'totalCount': 5220},{'totalCount': 6126}
awesome-selfhosted/awesome-selfhosted,2015-06-01T02:33:17Z,{'totalCount': 468},{'totalCount': 543}
netdata/netdata,2013-06-17T18:39:10Z,{'totalCount': 5102},{'totalCount': 5749}
opencv/opencv,2012-07-19T09:40:17Z,{'totalCount': 5302},{'totalCount': 7166}
rust-lang/rust,2010-06-16T20:39:03Z,{'totalCount': 29984},{'totalCount': 35898}
adam-p/markdown-here,2012-05-13T03:27:22Z,{'totalCount': 299},{'totalCount': 556}
httpie/httpie,2012-02-25T12:39:13Z,{'totalCount': 522},{'totalCount': 631}
kdn251/interviews,2017-02-14T18:19:25Z,{'totalCount': 17},{'totalCount': 44}
xingshaocheng/architect-awesome,2018-04-06T13:30:58Z,{'totalCount': 19},{'totalCount': 64}
doocs/advanced-java,2018-10-06T11:38:30Z,{'totalCount': 93},{'totalCount': 106}
ElemeFE/element,2016-09-03T06:19:26Z,{'totalCount': 14070},{'totalCount': 15707}
gatsbyjs/gatsby,2015-05-21T22:43:05Z,{'totalCount': 10934},{'totalCount': 11547}
gothinkster/realworld,2016-02-26T20:49:53Z,{'totalCount': 155},{'totalCount': 374}
h5bp/html5-boilerplate,2010-01-24T18:03:24Z,{'totalCount': 1183},{'totalCount': 1185}
gohugoio/hugo,2013-07-04T15:26:26Z,{'totalCount': 4388},{'totalCount': 4896}
josephmisiti/awesome-machine-learning,2014-07-15T19:11:19Z,{'totalCount': 65},{'totalCount': 66}
lodash/lodash,2012-04-07T04:11:46Z,{'totalCount': 3685},{'totalCount': 3781}
rails/rails,2008-04-11T02:19:47Z,{'totalCount': 13657},{'totalCount': 14037}
resume/resume.github.com,2011-02-06T13:39:55Z,{'totalCount': 56},{'totalCount': 86}
h5bp/Front-end-Developer-Interview-Questions,2012-02-09T23:34:10Z,{'totalCount': 99},{'totalCount': 103}
redis/redis,2009-03-21T22:32:25Z,{'totalCount': 2691},{'totalCount': 4429}
bitcoin/bitcoin,2010-12-19T15:16:43Z,{'totalCount': 5138},{'totalCount': 5687}
yangshun/tech-interview-handbook,2016-07-05T05:00:48Z,{'totalCount': 17},{'totalCount': 26}
moment/moment,2011-03-01T02:46:06Z,{'totalCount': 3697},{'totalCount': 3770}
ansible/ansible,2012-03-06T14:58:02Z,{'totalCount': 26544},{'totalCount': 28062}
nvm-sh/nvm,2010-04-15T17:47:47Z,{'totalCount': 1192},{'totalCount': 1438}
protocolbuffers/protobuf,2014-08-26T15:52:15Z,{'totalCount': 3091},{'totalCount': 4093}
psf/requests,2011-02-13T18:38:17Z,{'totalCount': 2988},{'totalCount': 3229}
ReactiveX/RxJava,2013-01-08T20:11:48Z,{'totalCount': 2956},{'totalCount': 2966}
kelseyhightower/nocode,2018-02-06T23:54:00Z,{'totalCount': 446},{'totalCount': 3663}
papers-we-love/papers-we-love,2013-12-15T14:31:41Z,{'totalCount': 119},{'totalCount': 131}
apache/incubator-echarts,2013-04-03T03:18:59Z,{'totalCount': 10874},{'totalCount': 12456}
thedaviddias/Front-End-Checklist,2017-10-16T10:12:36Z,{'totalCount': 109},{'totalCount': 111}
mtdvio/every-programmer-should-know,2017-08-24T13:18:26Z,{'totalCount': 16},{'totalCount': 29}
scikit-learn/scikit-learn,2010-08-17T09:43:38Z,{'totalCount': 6304},{'totalCount': 7860}
meteor/meteor,2012-01-19T01:58:17Z,{'totalCount': 8279},{'totalCount': 8380}
pytorch/pytorch,2016-08-13T05:26:41Z,{'totalCount': 11150},{'totalCount': 16176}
ionic-team/ionic-framework,2013-08-20T23:06:02Z,{'totalCount': 17398},{'totalCount': 18039}
gin-gonic/gin,2014-06-16T23:57:25Z,{'totalCount': 1211},{'totalCount': 1457}
ReactTraining/react-router,2014-05-16T22:22:51Z,{'totalCount': 5611},{'totalCount': 5643}
jekyll/jekyll,2008-10-20T06:29:03Z,{'totalCount': 4201},{'totalCount': 4289}
jgthms/bulma,2016-01-23T23:48:34Z,{'totalCount': 1908},{'totalCount': 2139}
google/material-design-icons,2014-10-08T18:01:28Z,{'totalCount': 332},{'totalCount': 919}
macrozheng/mall,2018-04-04T01:11:44Z,{'totalCount': 320},{'totalCount': 333}
awesomedata/awesome-public-datasets,2014-11-20T06:20:50Z,{'totalCount': 44},{'totalCount': 88}
scutan90/DeepLearning-500-questions,2018-06-27T06:36:45Z,{'totalCount': 77},{'totalCount': 157}
necolas/normalize.css,2011-05-04T10:20:25Z,{'totalCount': 441},{'totalCount': 463}
Hack-with-Github/Awesome-Hacking,2016-03-30T15:47:10Z,{'totalCount': 0},{'totalCount': 0}
NARKOZ/hacker-scripts,2015-11-21T19:05:09Z,{'totalCount': 27},{'totalCount': 59}
spring-projects/spring-framework,2010-12-08T04:04:45Z,{'totalCount': 19084},{'totalCount': 19983}
ryanmcdermott/clean-code-javascript,2016-11-25T22:25:41Z,{'totalCount': 61},{'totalCount': 95}
jaywcjlove/awesome-mac,2016-07-17T15:33:47Z,{'totalCount': 213},{'totalCount': 270}
enaqx/awesome-react,2014-08-06T05:31:44Z,{'totalCount': 62},{'totalCount': 69}
fatedier/frp,2015-12-21T15:24:59Z,{'totalCount': 1514},{'totalCount': 1583}
yarnpkg/yarn,2016-01-19T17:39:16Z,{'totalCount': 3746},{'totalCount': 5987}
aymericdamien/TensorFlow-Examples,2015-11-11T14:21:19Z,{'totalCount': 66},{'totalCount': 217}
wasabeef/awesome-android-ui,2014-12-24T01:45:03Z,{'totalCount': 0},{'totalCount': 0}
google/guava,2014-05-29T16:23:17Z,{'totalCount': 2521},{'totalCount': 3172}
ripienaar/free-for-dev,2015-03-18T21:06:26Z,{'totalCount': 0},{'totalCount': 0}
neovim/neovim,2014-01-31T13:39:22Z,{'totalCount': 4857},{'totalCount': 5814}
scrapy/scrapy,2010-02-22T02:01:14Z,{'totalCount': 1838},{'totalCount': 2289}
square/okhttp,2012-07-23T13:42:55Z,{'totalCount': 3120},{'totalCount': 3194}
sindresorhus/awesome-nodejs,2014-07-11T13:35:34Z,{'totalCount': 90},{'totalCount': 90}
Dogfalo/materialize,2014-09-12T19:35:38Z,{'totalCount': 4557},{'totalCount': 5157}
minimaxir/big-list-of-naughty-strings,2015-08-08T20:57:20Z,{'totalCount': 27},{'totalCount': 76}
prettier/prettier,2016-11-29T17:13:37Z,{'totalCount': 3868},{'totalCount': 4488}
babel/babel,2014-09-28T13:38:23Z,{'totalCount': 6640},{'totalCount': 7296}
serverless/serverless,2015-04-21T03:48:40Z,{'totalCount': 3822},{'totalCount': 4602}
android/architecture-samples,2016-02-05T13:42:07Z,{'totalCount': 277},{'totalCount': 395}
Genymobile/scrcpy,2017-11-21T18:00:27Z,{'totalCount': 1142},{'totalCount': 1605}
tuvtran/project-based-learning,2017-04-12T05:07:46Z,{'totalCount': 15},{'totalCount': 29}
nwjs/nw.js,2012-01-04T06:21:10Z,{'totalCount': 5998},{'totalCount': 6747}
grafana/grafana,2013-12-11T15:59:56Z,{'totalCount': 14740},{'totalCount': 17497}
microsoft/PowerToys,2019-05-01T17:44:02Z,{'totalCount': 3569},{'totalCount': 4967}
sveltejs/svelte,2016-11-20T18:13:05Z,{'totalCount': 2662},{'totalCount': 3121}
juliangarnier/anime,2016-03-13T21:37:45Z,{'totalCount': 445},{'totalCount': 567}
FreeCodeCampChina/freecodecamp.cn,2016-09-30T03:13:43Z,{'totalCount': 442},{'totalCount': 585}
parcel-bundler/parcel,2017-08-07T16:36:47Z,{'totalCount': 2656},{'totalCount': 3198}
square/retrofit,2010-09-06T21:39:43Z,{'totalCount': 2313},{'totalCount': 2414}
azl397985856/leetcode,2018-03-30T09:13:51Z,{'totalCount': 174},{'totalCount': 192}
tesseract-ocr/tesseract,2014-08-12T18:04:59Z,{'totalCount': 1598},{'totalCount': 1900}
ageitgey/face_recognition,2017-03-03T21:52:39Z,{'totalCount': 519},{'totalCount': 1043}
ColorlibHQ/AdminLTE,2013-12-25T02:52:40Z,{'totalCount': 2215},{'totalCount': 2280}
ziishaned/learn-regex,2017-07-22T12:21:03Z,{'totalCount': 33},{'totalCount': 71}
MaximAbramchuck/awesome-interview-questions,2015-11-28T09:48:17Z,{'totalCount': 19},{'totalCount': 30}
impress/impress.js,2011-12-28T22:23:19Z,{'totalCount': 393},{'totalCount': 439}
vsouza/awesome-ios,2014-07-10T16:03:45Z,{'totalCount': 433},{'totalCount': 433}
astaxie/build-web-application-with-golang,2012-08-02T11:49:35Z,{'totalCount': 172},{'totalCount': 282}
x64dbg/x64dbg,2015-04-11T20:48:23Z,{'totalCount': 1453},{'totalCount': 1851}
home-assistant/core,2013-09-17T07:29:48Z,{'totalCount': 15219},{'totalCount': 16226}
gogs/gogs,2014-02-12T01:57:08Z,{'totalCount': 3943},{'totalCount': 4614}
nodejs/node-v0.x-archive,2009-05-27T16:29:46Z,{'totalCount': 5847},{'totalCount': 6382}
cdr/code-server,2019-02-27T16:50:41Z,{'totalCount': 1505},{'totalCount': 1672}
v2ray/v2ray-core,2015-09-04T11:42:53Z,{'totalCount': 2189},{'totalCount': 2297}
soimort/you-get,2012-08-20T15:53:36Z,{'totalCount': 0},{'totalCount': 0}
prakhar1989/awesome-courses,2014-11-15T18:36:49Z,{'totalCount': 34},{'totalCount': 59}
TryGhost/Ghost,2013-05-04T11:09:13Z,{'totalCount': 5849},{'totalCount': 5908}
bailicangdu/vue2-elm,2016-12-23T01:49:20Z,{'totalCount': 433},{'totalCount': 518}
Alamofire/Alamofire,2014-07-31T05:56:19Z,{'totalCount': 2390},{'totalCount': 2421}
vercel/hyper,2016-07-01T06:01:21Z,{'totalCount': 2380},{'totalCount': 3088}
git/git,2008-07-23T14:21:26Z,{'totalCount': 0},{'totalCount': 0}
k88hudson/git-flight-rules,2014-07-22T20:35:09Z,{'totalCount': 46},{'totalCount': 58}
sdmg15/Best-websites-a-programmer-should-visit,2017-03-05T20:25:17Z,{'totalCount': 48},{'totalCount': 49}
trimstray/the-book-of-secret-knowledge,2018-06-23T10:43:14Z,{'totalCount': 36},{'totalCount': 39}
huggingface/transformers,2018-10-29T13:56:00Z,{'totalCount': 3818},{'totalCount': 4331}
apache/dubbo,2012-06-19T07:56:02Z,{'totalCount': 3173},{'totalCount': 3789}
521xueweihan/HelloGitHub,2016-05-04T06:24:11Z,{'totalCount': 1355},{'totalCount': 1373}
python/cpython,2017-02-10T19:23:51Z,{'totalCount': 0},{'totalCount': 0}
JetBrains/kotlin,2012-02-13T17:29:58Z,{'totalCount': 0},{'totalCount': 0}
godotengine/godot,2014-01-04T16:05:36Z,{'totalCount': 19656},{'totalCount': 24432}
Unitech/pm2,2013-05-21T03:25:25Z,{'totalCount': 3829},{'totalCount': 4081}
leonardomso/33-js-concepts,2018-09-04T13:27:04Z,{'totalCount': 24},{'totalCount': 26}
syncthing/syncthing,2013-11-26T09:48:21Z,{'totalCount': 3962},{'totalCount': 4205}
AFNetworking/AFNetworking,2011-05-31T21:28:44Z,{'totalCount': 3032},{'totalCount': 3056}
prometheus/prometheus,2012-11-24T11:14:12Z,{'totalCount': 3354},{'totalCount': 3612}
justjavac/awesome-wechat-weapp,2016-09-22T20:04:48Z,{'totalCount': 0},{'totalCount': 0}
shadowsocks/shadowsocks,2012-04-20T13:10:49Z,{'totalCount': 0},{'totalCount': 0}
etcd-io/etcd,2013-07-06T21:57:21Z,{'totalCount': 4859},{'totalCount': 5042}
facebook/jest,2013-12-10T00:18:04Z,{'totalCount': 4585},{'totalCount': 5675}
deepfakes/faceswap,2017-12-19T09:44:13Z,{'totalCount': 609},{'totalCount': 628}
mozilla/pdf.js,2011-04-26T06:32:03Z,{'totalCount': 6405},{'totalCount': 7016}
mermaid-js/mermaid,2014-11-01T23:52:32Z,{'totalCount': 908},{'totalCount': 1156}
gulpjs/gulp,2013-07-04T05:26:06Z,{'totalCount': 1785},{'totalCount': 1806}
adobe/brackets,2011-12-07T21:14:40Z,{'totalCount': 7014},{'totalCount': 9554}
junegunn/fzf,2013-10-23T16:04:23Z,{'totalCount': 1525},{'totalCount': 1707}
PhilJay/MPAndroidChart,2014-04-25T14:29:47Z,{'totalCount': 2798},{'totalCount': 4529}
google/material-design-lite,2015-01-14T22:01:33Z,{'totalCount': 1796},{'totalCount': 2147}
karan/Projects,2013-07-04T13:37:27Z,{'totalCount': 29},{'totalCount': 56}
algorithm-visualizer/algorithm-visualizer,2016-05-15T00:27:45Z,{'totalCount': 64},{'totalCount': 76}
discourse/discourse,2013-01-12T00:25:55Z,{'totalCount': 0},{'totalCount': 0}
hexojs/hexo,2012-09-23T15:17:08Z,{'totalCount': 3475},{'totalCount': 3562}
slatedocs/slate,2013-09-13T22:15:24Z,{'totalCount': 523},{'totalCount': 544}
styled-components/styled-components,2016-08-16T06:41:32Z,{'totalCount': 2048},{'totalCount': 2191}
Solido/awesome-flutter,2017-05-07T11:45:27Z,{'totalCount': 0},{'totalCount': 0}
BVLC/caffe,2013-09-12T18:39:48Z,{'totalCount': 3869},{'totalCount': 4727}
blueimp/jQuery-File-Upload,2010-12-01T15:35:32Z,{'totalCount': 3203},{'totalCount': 3251}
alvarotrigo/fullPage.js,2013-09-20T11:58:29Z,{'totalCount': 3403},{'totalCount': 3553}
sahat/hackathon-starter,2013-11-13T17:24:12Z,{'totalCount': 558},{'totalCount': 574}
containous/traefik,2015-09-13T19:04:02Z,{'totalCount': 3500},{'totalCount': 4031}
tiimgreen/github-cheat-sheet,2014-04-12T16:38:42Z,{'totalCount': 40},{'totalCount': 43}
pixijs/pixi.js,2013-01-21T22:40:50Z,{'totalCount': 4128},{'totalCount': 4198}
florinpop17/app-ideas,2019-02-25T18:36:56Z,{'totalCount': 27},{'totalCount': 35}
XX-net/XX-Net,2015-01-15T09:35:51Z,{'totalCount': 5048},{'totalCount': 12660}
shadowsocks/shadowsocks-android,2012-12-16T13:40:29Z,{'totalCount': 2190},{'totalCount': 2207}
immutable-js/immutable-js,2014-07-02T06:02:29Z,{'totalCount': 1023},{'totalCount': 1172}
nuxt/nuxt.js,2016-10-26T11:18:47Z,{'totalCount': 5159},{'totalCount': 5506}
Trinea/android-open-project,2014-01-05T15:20:15Z,{'totalCount': 68},{'totalCount': 80}
nestjs/nest,2017-02-04T20:12:52Z,{'totalCount': 2764},{'totalCount': 2854}
Avik-Jain/100-Days-Of-ML-Code,2018-07-05T09:11:43Z,{'totalCount': 0},{'totalCount': 0}
apache/incubator-superset,2015-07-21T18:55:34Z,{'totalCount': 4620},{'totalCount': 4895}
caddyserver/caddy,2015-01-13T19:45:03Z,{'totalCount': 2283},{'totalCount': 2354}
TheAlgorithms/Java,2016-07-16T10:21:02Z,{'totalCount': 164},{'totalCount': 216}
koajs/koa,2013-07-20T18:53:45Z,{'totalCount': 782},{'totalCount': 798}
chinese-poetry/chinese-poetry,2016-09-02T03:32:25Z,{'totalCount': 74},{'totalCount': 126}
bumptech/glide,2013-07-08T22:52:33Z,{'totalCount': 3660},{'totalCount': 3804}
DefinitelyTyped/DefinitelyTyped,2012-10-05T16:39:45Z,{'totalCount': 3430},{'totalCount': 6849}
fastlane/fastlane,2014-12-02T17:00:38Z,{'totalCount': 10778},{'totalCount': 10906}
airbnb/lottie-android,2016-10-06T22:42:42Z,{'totalCount': 1135},{'totalCount': 1173}
exacity/deeplearningbook-chinese,2016-12-07T11:46:51Z,{'totalCount': 132},{'totalCount': 182}
videojs/video.js,2010-05-14T18:45:10Z,{'totalCount': 3935},{'totalCount': 4158}
huginn/huginn,2013-03-10T06:00:31Z,{'totalCount': 1342},{'totalCount': 1742}
JuliaLang/julia,2011-04-21T07:01:50Z,{'totalCount': 15387},{'totalCount': 18489}
zenorocha/clipboard.js,2015-09-18T23:04:55Z,{'totalCount': 527},{'totalCount': 541}
kamranahmedse/design-patterns-for-humans,2017-02-16T21:24:39Z,{'totalCount': 42},{'totalCount': 49}
strapi/strapi,2015-09-30T15:34:48Z,{'totalCount': 3813},{'totalCount': 4043}
Leaflet/Leaflet,2010-09-22T16:57:44Z,{'totalCount': 3957},{'totalCount': 4372}
iamkun/dayjs,2018-04-10T09:26:44Z,{'totalCount': 405},{'totalCount': 484}
0voice/interview_internal_reference,2019-06-10T06:54:19Z,{'totalCount': 18},{'totalCount': 38}
foundation/foundation-sites,2011-10-13T23:05:42Z,{'totalCount': 7736},{'totalCount': 8009}
testerSunshine/12306,2017-05-17T12:23:40Z,{'totalCount': 455},{'totalCount': 636}
isocpp/CppCoreGuidelines,2015-08-19T20:22:52Z,{'totalCount': 683},{'totalCount': 827}
shadowsocks/ShadowsocksX-NG,2016-06-10T11:49:00Z,{'totalCount': 990},{'totalCount': 1216}
tldr-pages/tldr,2013-12-08T07:34:43Z,{'totalCount': 477},{'totalCount': 550}
floodsung/Deep-Learning-Papers-Reading-Roadmap,2016-10-14T11:49:48Z,{'totalCount': 3},{'totalCount': 41}
RocketChat/Rocket.Chat,2015-05-19T07:36:09Z,{'totalCount': 9573},{'totalCount': 11476}
php/php-src,2011-06-16T01:52:25Z,{'totalCount': 0},{'totalCount': 0}
photonstorm/phaser,2013-04-12T12:27:51Z,{'totalCount': 3232},{'totalCount': 3351}
jondot/awesome-react-native,2015-03-26T19:58:06Z,{'totalCount': 33},{'totalCount': 54}
Blankj/AndroidUtilCode,2016-07-30T18:18:32Z,{'totalCount': 1105},{'totalCount': 1144}
ariya/phantomjs,2010-12-27T08:18:58Z,{'totalCount': 4696},{'totalCount': 4719}
lukehoban/es6features,2014-03-03T18:29:30Z,{'totalCount': 36},{'totalCount': 55}
Homebrew/legacy-homebrew,2009-05-20T19:38:37Z,{'totalCount': 17038},{'totalCount': 17038}
jashkenas/backbone,2010-09-30T19:41:28Z,{'totalCount': 2329},{'totalCount': 2385}
dypsilon/frontend-dev-bookmarks,2013-06-22T13:23:55Z,{'totalCount': 77},{'totalCount': 93}
quilljs/quill,2012-07-30T23:23:18Z,{'totalCount': 1823},{'totalCount': 2702}
vuetifyjs/vuetify,2016-09-12T00:39:35Z,{'totalCount': 7751},{'totalCount': 9029}
grpc/grpc,2014-12-08T18:58:53Z,{'totalCount': 8415},{'totalCount': 8882}
apache/spark,2014-02-25T08:00:08Z,{'totalCount': 0},{'totalCount': 0}
tailwindlabs/tailwindcss,2017-10-06T14:59:14Z,{'totalCount': 943},{'totalCount': 946}
fffaraz/awesome-cpp,2014-07-17T08:51:11Z,{'totalCount': 152},{'totalCount': 469}
joshbuchea/HEAD,2016-04-20T20:05:37Z,{'totalCount': 71},{'totalCount': 82}
bilibili/ijkplayer,2013-06-03T04:12:04Z,{'totalCount': 2428},{'totalCount': 4891}
binhnguyennus/awesome-scalability,2017-12-27T03:46:40Z,{'totalCount': 0},{'totalCount': 0}
open-guides/og-aws,2016-07-13T17:30:16Z,{'totalCount': 79},{'totalCount': 202}
certbot/certbot,2014-11-12T02:52:20Z,{'totalCount': 4056},{'totalCount': 4524}
alex/what-happens-when,2013-11-07T04:30:06Z,{'totalCount': 19},{'totalCount': 100}
preactjs/preact,2015-09-11T02:40:18Z,{'totalCount': 1169},{'totalCount': 1281}
xitu/gold-miner,2015-11-04T03:29:13Z,{'totalCount': 4510},{'totalCount': 4550}
codepath/android_guides,2013-06-19T10:24:45Z,{'totalCount': 211},{'totalCount': 365}
NervJS/taro,2018-04-08T09:32:26Z,{'totalCount': 5394},{'totalCount': 6061}
Kong/kong,2014-11-17T23:56:08Z,{'totalCount': 2792},{'totalCount': 3151}
tastejs/todomvc,2011-06-03T19:56:33Z,{'totalCount': 618},{'totalCount': 738}
apachecn/AiLearning,2017-02-25T08:53:02Z,{'totalCount': 58},{'totalCount': 93}
danielmiessler/SecLists,2012-02-19T01:30:18Z,{'totalCount': 108},{'totalCount': 128}
ethereum/go-ethereum,2013-12-26T13:05:46Z,{'totalCount': 4841},{'totalCount': 5009}
caolan/async,2010-06-01T21:01:30Z,{'totalCount': 1054},{'totalCount': 1057}
bayandin/awesome-awesomeness,2014-07-08T05:44:19Z,{'totalCount': 49},{'totalCount': 56}
pandas-dev/pandas,2010-08-24T01:37:33Z,{'totalCount': 15433},{'totalCount': 18867}
ant-design/ant-design-pro,2017-08-25T10:40:44Z,{'totalCount': 6001},{'totalCount': 6077}
localstack/localstack,2016-10-25T23:48:03Z,{'totalCount': 1609},{'totalCount': 1846}
vuejs/vue-cli,2015-12-26T23:11:20Z,{'totalCount': 3983},{'totalCount': 4497}
react-boilerplate/react-boilerplate,2015-02-18T14:36:32Z,{'totalCount': 1783},{'totalCount': 1816}
wg/wrk,2012-03-20T11:12:28Z,{'totalCount': 225},{'totalCount': 322}
zxing/zxing,2011-10-12T14:07:27Z,{'totalCount': 1011},{'totalCount': 1018}
akullpp/awesome-java,2014-07-09T10:12:43Z,{'totalCount': 97},{'totalCount': 101}
getsentry/sentry,2010-08-30T22:06:41Z,{'totalCount': 3172},{'totalCount': 4164}
kenwheeler/slick,2014-03-24T02:10:05Z,{'totalCount': 2333},{'totalCount': 3363}
faif/python-patterns,2012-06-06T21:02:35Z,{'totalCount': 56},{'totalCount': 66}
yangshun/front-end-interview-handbook,2018-01-13T19:40:08Z,{'totalCount': 46},{'totalCount': 59}
ngosang/trackerslist,2016-04-24T11:57:57Z,{'totalCount': 229},{'totalCount': 232}
FiloSottile/mkcert,2018-06-25T05:33:03Z,{'totalCount': 139},{'totalCount': 187}
shengxinjing/programmer-job-blacklist,2016-06-25T06:09:10Z,{'totalCount': 170},{'totalCount': 294}
Alvin9999/new-pac,2016-03-23T08:43:36Z,{'totalCount': 732},{'totalCount': 957}
proxyee-down-org/proxyee-down,2017-10-25T10:07:27Z,{'totalCount': 0},{'totalCount': 0}
jashkenas/underscore,2009-10-25T18:31:06Z,{'totalCount': 1338},{'totalCount': 1367}
aosabook/500lines,2013-11-04T02:02:53Z,{'totalCount': 37},{'totalCount': 63}
jakevdp/PythonDataScienceHandbook,2016-08-10T14:24:36Z,{'totalCount': 47},{'totalCount': 120}
dcloudio/uni-app,2018-07-12T08:52:39Z,{'totalCount': 1382},{'totalCount': 1935}
JakeWharton/butterknife,2013-03-05T08:18:59Z,{'totalCount': 1042},{'totalCount': 1134}
google/styleguide,2015-05-20T19:18:59Z,{'totalCount': 86},{'totalCount': 241}
3b1b/manim,2015-03-22T18:50:58Z,{'totalCount': 453},{'totalCount': 700}
carbon-app/carbon,2017-06-16T02:50:28Z,{'totalCount': 453},{'totalCount': 472}
square/leakcanary,2015-04-29T23:54:16Z,{'totalCount': 1134},{'totalCount': 1176}
dylanaraps/pure-bash-bible,2018-06-13T01:39:33Z,{'totalCount': 26},{'totalCount': 48}
crossoverJie/JCSprout,2017-12-17T09:06:50Z,{'totalCount': 59},{'totalCount': 89}
alacritty/alacritty,2016-02-18T05:02:30Z,{'totalCount': 2504},{'totalCount': 2864}
Marak/faker.js,2010-05-15T00:53:07Z,{'totalCount': 309},{'totalCount': 474}
pingcap/tidb,2015-09-06T04:01:52Z,{'totalCount': 4058},{'totalCount': 5684}
pi-hole/pi-hole,2014-06-08T15:02:55Z,{'totalCount': 1858},{'totalCount': 2027}
Tencent/weui,2014-12-18T04:09:54Z,{'totalCount': 598},{'totalCount': 623}
kon9chunkit/GitHub-Chinese-Top-Charts,2019-09-05T03:01:56Z,{'totalCount': 41},{'totalCount': 114}
astaxie/beego,2012-02-29T02:32:08Z,{'totalCount': 2087},{'totalCount': 2799}
google-research/bert,2018-10-25T22:57:34Z,{'totalCount': 317},{'totalCount': 974}
iina/iina,2016-12-19T07:18:45Z,{'totalCount': 1564},{'totalCount': 2454}
request/request,2011-01-23T01:25:14Z,{'totalCount': 2043},{'totalCount': 2174}
madewithml/basics,2018-11-05T03:44:27Z,{'totalCount': 19},{'totalCount': 19}
nolimits4web/swiper,2012-03-14T19:11:45Z,{'totalCount': 3213},{'totalCount': 3382}
vuejs/vuex,2015-07-16T04:21:26Z,{'totalCount': 998},{'totalCount': 1035}
dkhamsing/open-source-ios-apps,2015-01-26T23:32:34Z,{'totalCount': 214},{'totalCount': 214}
netty/netty,2010-11-09T09:22:21Z,{'totalCount': 4794},{'totalCount': 5186}
fzaninotto/Faker,2011-10-14T22:49:02Z,{'totalCount': 490},{'totalCount': 562}
jiahaog/nativefier,2015-07-05T05:56:42Z,{'totalCount': 672},{'totalCount': 849}
select2/select2,2012-03-04T18:43:12Z,{'totalCount': 4478},{'totalCount': 4517}
formium/formik,2017-06-14T19:50:59Z,{'totalCount': 1141},{'totalCount': 1751}
nylas/nylas-mail,2014-10-16T18:29:12Z,{'totalCount': 2420},{'totalCount': 3421}
Modernizr/Modernizr,2009-09-25T20:13:23Z,{'totalCount': 1279},{'totalCount': 1435}
lerna/lerna,2015-12-04T09:36:55Z,{'totalCount': 1421},{'totalCount': 1882}
fighting41love/funNLP,2018-08-21T11:20:39Z,{'totalCount': 26},{'totalCount': 32}
houshanren/hangzhou_house_knowledge,2018-02-24T01:54:18Z,{'totalCount': 0},{'totalCount': 0}
standard/standard,2015-01-27T01:23:31Z,{'totalCount': 968},{'totalCount': 1094}
nvie/gitflow,2010-01-20T23:14:12Z,{'totalCount': 117},{'totalCount': 336}
ZuzooVn/machine-learning-for-software-engineers,2016-10-09T21:20:25Z,{'totalCount': 3},{'totalCount': 16}
istio/istio,2016-11-18T23:57:21Z,{'totalCount': 10190},{'totalCount': 11206}
johnpapa/angular-styleguide,2014-07-29T00:07:51Z,{'totalCount': 361},{'totalCount': 424}
ziadoz/awesome-php,2013-11-26T03:14:19Z,{'totalCount': 107},{'totalCount': 110}
fxsjy/jieba,2012-09-29T07:52:01Z,{'totalCount': 193},{'totalCount': 720}
CSSEGISandData/COVID-19,2020-02-04T22:03:53Z,{'totalCount': 1194},{'totalCount': 2504}
rethinkdb/rethinkdb,2012-10-30T05:37:47Z,{'totalCount': 4894},{'totalCount': 6277}
mathiasbynens/dotfiles,2011-09-05T18:07:54Z,{'totalCount': 232},{'totalCount': 359}
github/fetch,2014-10-13T00:26:19Z,{'totalCount': 519},{'totalCount': 520}
symfony/symfony,2010-01-04T14:21:21Z,{'totalCount': 13791},{'totalCount': 14591}
herrbischoff/awesome-macos-command-line,2015-09-22T19:37:55Z,{'totalCount': 0},{'totalCount': 0}
minio/minio,2015-01-14T19:23:58Z,{'totalCount': 4391},{'totalCount': 4419}
freeCodeCamp/devdocs,2013-10-24T18:16:07Z,{'totalCount': 725},{'totalCount': 848}
composer/composer,2011-06-08T08:53:00Z,{'totalCount': 5780},{'totalCount': 6140}
angular/angular-cli,2015-06-04T19:49:37Z,{'totalCount': 11622},{'totalCount': 12079}
hashicorp/terraform,2014-03-13T22:25:48Z,{'totalCount': 14301},{'totalCount': 15575}
brillout/awesome-react-components,2016-06-24T15:19:33Z,{'totalCount': 36},{'totalCount': 36}
facebookresearch/Detectron,2017-10-05T17:32:00Z,{'totalCount': 605},{'totalCount': 892}
ryanoasis/nerd-fonts,2014-12-05T04:31:17Z,{'totalCount': 230},{'totalCount': 387}
ityouknow/spring-boot-examples,2016-11-05T05:32:33Z,{'totalCount': 95},{'totalCount': 97}
raywenderlich/swift-algorithm-club,2016-01-26T17:56:12Z,{'totalCount': 176},{'totalCount': 189}
ocornut/imgui,2014-07-21T14:29:47Z,{'totalCount': 2309},{'totalCount': 2733}
iview/iview,2016-07-28T01:52:59Z,{'totalCount': 4451},{'totalCount': 5476}
hoppscotch/hoppscotch,2019-08-21T13:15:24Z,{'totalCount': 381},{'totalCount': 406}
date-fns/date-fns,2014-10-06T10:24:22Z,{'totalCount': 809},{'totalCount': 1002}
serhii-londar/open-source-mac-os-apps,2017-11-03T02:35:33Z,{'totalCount': 119},{'totalCount': 139}
skylot/jadx,2013-03-18T17:08:21Z,{'totalCount': 587},{'totalCount': 713}
rclone/rclone,2014-03-16T16:19:57Z,{'totalCount': 2818},{'totalCount': 3467}
danielgindi/Charts,2015-03-20T10:49:12Z,{'totalCount': 3162},{'totalCount': 3708}
markedjs/marked,2011-07-24T13:15:51Z,{'totalCount': 960},{'totalCount': 1041}
IanLunn/Hover,2014-01-02T14:27:35Z,{'totalCount': 80},{'totalCount': 97}
alibaba/p3c,2017-06-23T06:15:51Z,{'totalCount': 585},{'totalCount': 648}
postcss/postcss,2013-09-24T23:06:48Z,{'totalCount': 667},{'totalCount': 674}
cypress-io/cypress,2015-03-04T00:46:28Z,{'totalCount': 4999},{'totalCount': 6261}
transloadit/uppy,2015-11-16T12:32:33Z,{'totalCount': 1120},{'totalCount': 1247}
SDWebImage/SDWebImage,2009-09-21T17:39:19Z,{'totalCount': 1917},{'totalCount': 1941}
Homebrew/brew,2016-03-06T05:08:38Z,{'totalCount': 2673},{'totalCount': 2686}
alibaba/arthas,2018-08-29T17:15:57Z,{'totalCount': 948},{'totalCount': 1056}
elsewhencode/project-guidelines,2017-06-30T10:17:55Z,{'totalCount': 24},{'totalCount': 36}
unknwon/the-way-to-go_ZH_CN,2013-03-24T17:18:38Z,{'totalCount': 0},{'totalCount': 0}
CodeHubApp/CodeHub,2013-07-23T22:19:57Z,{'totalCount': 398},{'totalCount': 626}
MunGell/awesome-for-beginners,2015-10-24T19:53:36Z,{'totalCount': 59},{'totalCount': 59}
kelseyhightower/kubernetes-the-hard-way,2016-07-07T14:15:27Z,{'totalCount': 273},{'totalCount': 308}
ReactiveX/rxjs,2015-03-15T06:17:10Z,{'totalCount': 2388},{'totalCount': 2702}
GitbookIO/gitbook,2014-03-31T03:01:56Z,{'totalCount': 0},{'totalCount': 0}
agalwood/Motrix,2018-12-18T11:45:05Z,{'totalCount': 404},{'totalCount': 664}
greenrobot/EventBus,2012-07-16T16:55:40Z,{'totalCount': 433},{'totalCount': 528}
eugenp/tutorials,2013-04-29T18:26:36Z,{'totalCount': 394},{'totalCount': 413}
sequelize/sequelize,2010-07-22T07:11:11Z,{'totalCount': 7937},{'totalCount': 8850}
lib-pku/libpku,2018-11-22T13:33:06Z,{'totalCount': 30},{'totalCount': 33}
lydiahallie/javascript-questions,2019-06-12T08:26:27Z,{'totalCount': 109},{'totalCount': 125}
SheetJS/sheetjs,2012-12-03T19:25:52Z,{'totalCount': 1460},{'totalCount': 1817}
sharkdp/bat,2018-04-21T10:52:23Z,{'totalCount': 595},{'totalCount': 657}
amix/vimrc,2012-05-29T16:19:29Z,{'totalCount': 413},{'totalCount': 420}
webtorrent/webtorrent,2013-10-15T08:16:40Z,{'totalCount': 1190},{'totalCount': 1351}
cheeriojs/cheerio,2011-10-09T04:23:20Z,{'totalCount': 745},{'totalCount': 949}
geekcompany/ResumeSample,2014-09-08T08:08:13Z,{'totalCount': 0},{'totalCount': 0}
VincentGarreau/particles.js,2014-09-06T14:29:47Z,{'totalCount': 78},{'totalCount': 343}
mobxjs/mobx,2015-03-14T14:31:38Z,{'totalCount': 1548},{'totalCount': 1557}
sentsin/layui,2015-09-22T08:12:03Z,{'totalCount': 81},{'totalCount': 536}
alibaba/fastjson,2011-11-03T06:58:52Z,{'totalCount': 1432},{'totalCount': 2826}
gitlabhq/gitlabhq,2011-10-02T16:25:27Z,{'totalCount': 0},{'totalCount': 0}
ctripcorp/apollo,2016-03-04T10:24:23Z,{'totalCount': 2017},{'totalCount': 2193}
metabase/metabase,2015-02-02T19:25:47Z,{'totalCount': 5848},{'totalCount': 7596}
alibaba/druid,2011-11-03T05:12:51Z,{'totalCount': 1115},{'totalCount': 2895}
NationalSecurityAgency/ghidra,2019-03-01T03:27:48Z,{'totalCount': 1017},{'totalCount': 1822}
harvesthq/chosen,2011-04-18T15:07:41Z,{'totalCount': 2107},{'totalCount': 2338}
openai/gym,2016-04-27T14:59:16Z,{'totalCount': 1048},{'totalCount': 1194}
wagoodman/dive,2018-05-13T15:44:01Z,{'totalCount': 138},{'totalCount': 200}
PowerShell/PowerShell,2016-01-13T23:41:35Z,{'totalCount': 5479},{'totalCount': 8081}
laravel/framework,2013-01-10T21:27:28Z,{'totalCount': 14054},{'totalCount': 14065}
ajaxorg/ace,2010-10-27T10:43:36Z,{'totalCount': 1857},{'totalCount': 2545}
naptha/tesseract.js,2015-06-24T02:49:52Z,{'totalCount': 347},{'totalCount': 387}
alibaba/flutter-go,2019-01-08T09:03:40Z,{'totalCount': 173},{'totalCount': 359}
formulahendry/955.WLB,2019-03-27T23:53:37Z,{'totalCount': 60},{'totalCount': 193}
airbnb/lottie-web,2015-02-20T21:02:59Z,{'totalCount': 1625},{'totalCount': 2161}
terryum/awesome-deep-learning-papers,2016-06-03T06:48:30Z,{'totalCount': 11},{'totalCount': 25}
tabler/tabler,2018-02-01T09:08:59Z,{'totalCount': 260},{'totalCount': 332}
tootsuite/mastodon,2016-02-22T15:01:25Z,{'totalCount': 4040},{'totalCount': 5709}
ycm-core/YouCompleteMe,2012-04-16T03:12:14Z,{'totalCount': 2886},{'totalCount': 2912}
CamDavidsonPilon/Probabilistic-Programming-and-Bayesian-Methods-for-Hackers,2013-01-14T15:46:28Z,{'totalCount': 86},{'totalCount': 216}
obsproject/obs-studio,2013-10-01T02:40:31Z,{'totalCount': 529},{'totalCount': 717}
drone/drone,2014-02-07T07:54:44Z,{'totalCount': 1697},{'totalCount': 1728}
0xAX/linux-insides,2015-01-03T18:44:57Z,{'totalCount': 122},{'totalCount': 157}
hammerjs/hammer.js,2012-03-02T12:58:28Z,{'totalCount': 755},{'totalCount': 1014}
gorhill/uBlock,2015-04-01T17:51:11Z,{'totalCount': 3377},{'totalCount': 3445}
google/leveldb,2014-08-27T21:17:52Z,{'totalCount': 478},{'totalCount': 591}
VundleVim/Vundle.vim,2010-10-17T23:17:53Z,{'totalCount': 537},{'totalCount': 693}
facebookresearch/fastText,2016-07-16T13:38:42Z,{'totalCount': 585},{'totalCount': 906}
rstacruz/nprogress,2013-08-20T13:58:02Z,{'totalCount': 47},{'totalCount': 134}
StreisandEffect/streisand,2014-03-23T21:56:19Z,{'totalCount': 926},{'totalCount': 1120}
realpython/python-guide,2011-03-15T03:24:20Z,{'totalCount': 167},{'totalCount': 248}
BurntSushi/ripgrep,2016-03-11T02:02:33Z,{'totalCount': 1054},{'totalCount': 1114}
niklasvh/html2canvas,2011-07-16T01:05:58Z,{'totalCount': 1334},{'totalCount': 1998}
emberjs/ember.js,2011-05-25T23:39:40Z,{'totalCount': 6045},{'totalCount': 6317}
microsoft/monaco-editor,2016-06-07T16:56:31Z,{'totalCount': 1512},{'totalCount': 1942}
rapid7/metasploit-framework,2011-08-30T06:13:20Z,{'totalCount': 3363},{'totalCount': 4130}
balderdashy/sails,2012-03-18T19:46:15Z,{'totalCount': 5785},{'totalCount': 6168}
satwikkansal/wtfpython,2017-08-28T20:22:19Z,{'totalCount': 94},{'totalCount': 120}
scwang90/SmartRefreshLayout,2017-06-02T09:52:50Z,{'totalCount': 1127},{'totalCount': 1218}
cmderdev/cmder,2013-07-09T07:44:22Z,{'totalCount': 1911},{'totalCount': 1920}
Automattic/mongoose,2010-04-06T21:39:05Z,{'totalCount': 7450},{'totalCount': 7772}
Polymer/polymer,2012-08-23T20:56:30Z,{'totalCount': 3643},{'totalCount': 3894}
vim/vim,2015-08-18T21:03:56Z,{'totalCount': 3253},{'totalCount': 4225}
koalaman/shellcheck,2012-11-17T03:15:11Z,{'totalCount': 1174},{'totalCount': 1769}
akveo/ngx-admin,2016-05-25T10:09:03Z,{'totalCount': 1275},{'totalCount': 1593}
remy/nodemon,2010-10-03T12:50:52Z,{'totalCount': 1318},{'totalCount': 1327}
go-gitea/gitea,2016-11-01T02:13:26Z,{'totalCount': 4732},{'totalCount': 6008}
FFmpeg/FFmpeg,2011-04-14T14:12:38Z,{'totalCount': 0},{'totalCount': 0}
heartcombo/devise,2009-09-16T12:15:12Z,{'totalCount': 3907},{'totalCount': 3979}
codemirror/CodeMirror,2011-01-14T13:44:03Z,{'totalCount': 3395},{'totalCount': 3758}
pure-css/pure,2013-04-22T16:16:39Z,{'totalCount': 541},{'totalCount': 545}
fouber/blog,2014-04-25T09:44:42Z,{'totalCount': 2},{'totalCount': 13}
ageron/handson-ml,2016-02-16T19:48:39Z,{'totalCount': 397},{'totalCount': 507}
sorrycc/awesome-javascript,2014-07-01T15:59:02Z,{'totalCount': 55},{'totalCount': 73}
t4t5/sweetalert,2014-09-30T11:12:48Z,{'totalCount': 539},{'totalCount': 665}
pypa/pipenv,2017-01-20T00:44:02Z,{'totalCount': 2760},{'totalCount': 3184}
tiangolo/fastapi,2018-12-08T08:21:47Z,{'totalCount': 1081},{'totalCount': 1375}
SortableJS/Sortable,2013-12-19T10:10:13Z,{'totalCount': 1195},{'totalCount': 1469}
facebook/flow,2014-10-28T17:17:45Z,{'totalCount': 3949},{'totalCount': 6364}
JedWatson/react-select,2014-08-26T04:27:45Z,{'totalCount': 2509},{'totalCount': 2802}
aria2/aria2,2010-11-27T09:41:48Z,{'totalCount': 664},{'totalCount': 1399}
ggreer/the_silver_searcher,2011-11-19T19:50:47Z,{'totalCount': 394},{'totalCount': 756}
typeorm/typeorm,2016-02-29T07:41:14Z,{'totalCount': 3215},{'totalCount': 5242}
redux-saga/redux-saga,2015-11-29T16:58:12Z,{'totalCount': 1181},{'totalCount': 1358}
littlecodersh/ItChat,2016-01-19T07:49:48Z,{'totalCount': 595},{'totalCount': 811}
kahun/awesome-sysadmin,2014-02-09T22:39:20Z,{'totalCount': 21},{'totalCount': 97}
donnemartin/interactive-coding-challenges,2015-04-28T21:36:39Z,{'totalCount': 29},{'totalCount': 54}
CymChad/BaseRecyclerViewAdapterHelper,2016-04-10T07:40:11Z,{'totalCount': 2821},{'totalCount': 3057}
GoogleChrome/lighthouse,2016-03-08T01:03:11Z,{'totalCount': 6687},{'totalCount': 7149}
go-gorm/gorm,2013-10-25T08:31:38Z,{'totalCount': 2833},{'totalCount': 2839}
atlassian/react-beautiful-dnd,2017-08-09T03:37:15Z,{'totalCount': 861},{'totalCount': 1131}
hankcs/HanLP,2014-10-09T06:36:16Z,{'totalCount': 1244},{'totalCount': 1256}
pyenv/pyenv,2012-08-31T06:57:52Z,{'totalCount': 924},{'totalCount': 1132}
docker/compose,2013-12-09T11:40:58Z,{'totalCount': 4687},{'totalCount': 5071}
Tencent/wepy,2016-11-14T08:06:56Z,{'totalCount': 1762},{'totalCount': 2082}
syl20bnr/spacemacs,2012-12-17T21:34:03Z,{'totalCount': 6842},{'totalCount': 7530}
hashicorp/vagrant,2010-01-21T08:34:27Z,{'totalCount': 8212},{'totalCount': 8588}
ovity/octotree,2014-05-09T18:15:20Z,{'totalCount': 570},{'totalCount': 614}
junegunn/vim-plug,2013-09-10T14:58:51Z,{'totalCount': 748},{'totalCount': 785}
Advanced-Frontend/Daily-Interview-Question,2019-01-19T10:49:00Z,{'totalCount': 233},{'totalCount': 393}
goabstract/Awesome-Design-Tools,2019-02-12T13:55:30Z,{'totalCount': 25},{'totalCount': 25}
dimsemenov/PhotoSwipe,2011-04-07T05:46:29Z,{'totalCount': 1025},{'totalCount': 1534}
airbnb/lottie-ios,2016-10-06T22:38:38Z,{'totalCount': 689},{'totalCount': 855}
kriasoft/react-starter-kit,2014-04-16T13:08:18Z,{'totalCount': 715},{'totalCount': 1156}
sindresorhus/awesome-electron,2015-04-23T11:48:53Z,{'totalCount': 35},{'totalCount': 44}
jgm/pandoc,2010-03-20T20:34:23Z,{'totalCount': 4610},{'totalCount': 5251}
angular/components,2016-01-04T18:50:02Z,{'totalCount': 9688},{'totalCount': 11451}
typicode/husky,2014-06-23T12:14:21Z,{'totalCount': 376},{'totalCount': 522}
Netflix/Hystrix,2012-11-19T20:14:46Z,{'totalCount': 671},{'totalCount': 1003}
nlohmann/json,2013-07-04T08:47:49Z,{'totalCount': 1719},{'totalCount': 1737}
github/hub,2009-12-05T22:15:25Z,{'totalCount': 1560},{'totalCount': 1757}
mbeaudru/modern-js-cheatsheet,2017-09-18T14:56:00Z,{'totalCount': 36},{'totalCount': 42}
FezVrasta/bootstrap-material-design,2014-08-18T11:54:00Z,{'totalCount': 1034},{'totalCount': 1090}
microsoft/calculator,2019-01-28T17:55:49Z,{'totalCount': 500},{'totalCount': 648}
powerline/fonts,2012-12-19T13:31:50Z,{'totalCount': 83},{'totalCount': 226}
hashicorp/consul,2013-11-04T22:15:27Z,{'totalCount': 3309},{'totalCount': 3950}
google/iosched,2014-04-01T22:40:40Z,{'totalCount': 171},{'totalCount': 206}
bevacqua/dragula,2015-04-13T21:35:38Z,{'totalCount': 290},{'totalCount': 476}
alebcay/awesome-shell,2014-07-07T01:57:42Z,{'totalCount': 17},{'totalCount': 38}
reduxjs/react-redux,2015-07-11T17:32:01Z,{'totalCount': 1037},{'totalCount': 1063}
Meituan-Dianping/mpvue,2018-03-07T03:09:25Z,{'totalCount': 1262},{'totalCount': 1672}
SwiftyJSON/SwiftyJSON,2014-06-18T14:41:15Z,{'totalCount': 559},{'totalCount': 651}
mqyqingfeng/Blog,2017-03-13T10:04:33Z,{'totalCount': 80},{'totalCount': 176}
bvaughn/react-virtualized,2015-11-03T00:48:07Z,{'totalCount': 691},{'totalCount': 1004}
jobbole/awesome-python-cn,2015-11-03T09:50:50Z,{'totalCount': 12},{'totalCount': 15}
mitmproxy/mitmproxy,2010-02-16T04:10:13Z,{'totalCount': 2035},{'totalCount': 2308}
guzzle/guzzle,2011-02-28T02:44:05Z,{'totalCount': 1402},{'totalCount': 1623}
MrRio/jsPDF,2009-12-06T14:56:32Z,{'totalCount': 1715},{'totalCount': 1823}
ReactiveCocoa/ReactiveCocoa,2012-03-02T22:11:24Z,{'totalCount': 1948},{'totalCount': 1992}
iptv-org/iptv,2018-11-14T22:00:57Z,{'totalCount': 306},{'totalCount': 399}
facebookarchive/pop,2014-03-30T22:29:12Z,{'totalCount': 211},{'totalCount': 255}
mochajs/mocha,2011-03-07T18:44:25Z,{'totalCount': 2318},{'totalCount': 2583}
dmlc/xgboost,2014-02-06T17:28:03Z,{'totalCount': 3407},{'totalCount': 3630}
googlehosts/hosts,2017-08-05T16:10:32Z,{'totalCount': 338},{'totalCount': 389}
bradtraversy/design-resources-for-developers,2020-05-06T14:40:35Z,{'totalCount': 42},{'totalCount': 42}
iperov/DeepFaceLab,2018-06-04T13:10:00Z,{'totalCount': 629},{'totalCount': 788}
dokku/dokku,2013-06-08T10:26:57Z,{'totalCount': 2023},{'totalCount': 2064}
Reactive-Extensions/RxJS,2012-01-07T00:31:41Z,{'totalCount': 643},{'totalCount': 874}
matteocrippa/awesome-swift,2014-07-10T14:04:09Z,{'totalCount': 111},{'totalCount': 111}
markerikson/react-redux-links,2016-01-22T02:10:28Z,{'totalCount': 22},{'totalCount': 36}
SwiftGGTeam/the-swift-programming-language-in-chinese,2014-06-03T04:44:09Z,{'totalCount': 342},{'totalCount': 350}
emscripten-core/emscripten,2011-02-12T05:23:30Z,{'totalCount': 4979},{'totalCount': 5699}
byoungd/English-level-up-tips-for-Chinese,2017-05-30T07:18:52Z,{'totalCount': 43},{'totalCount': 54}
railsware/upterm,2015-03-22T07:00:24Z,{'totalCount': 534},{'totalCount': 753}
influxdata/influxdb,2013-09-26T14:31:10Z,{'totalCount': 9435},{'totalCount': 10468}
pugjs/pug,2010-06-23T01:05:42Z,{'totalCount': 2224},{'totalCount': 2450}
ColorlibHQ/gentelella,2015-05-15T06:57:27Z,{'totalCount': 608},{'totalCount': 630}
usablica/intro.js,2013-03-10T15:12:45Z,{'totalCount': 372},{'totalCount': 592}
donnemartin/data-science-ipython-notebooks,2015-01-23T19:38:29Z,{'totalCount': 20},{'totalCount': 27}
jgraph/drawio,2016-09-06T12:59:15Z,{'totalCount': 719},{'totalCount': 1055}
BradLarson/GPUImage,2012-02-13T15:20:02Z,{'totalCount': 1301},{'totalCount': 2201}
ramda/ramda,2013-06-21T20:32:35Z,{'totalCount': 1275},{'totalCount': 1473}
paularmstrong/normalizr,2014-08-20T08:41:38Z,{'totalCount': 265},{'totalCount': 284}
CorentinJ/Real-Time-Voice-Cloning,2019-05-26T08:56:15Z,{'totalCount': 414},{'totalCount': 449}
fastai/fastai,2017-09-09T17:43:36Z,{'totalCount': 1120},{'totalCount': 1154}
tornadoweb/tornado,2009-09-09T04:55:16Z,{'totalCount': 1421},{'totalCount': 1594}
vapor/vapor,2016-01-18T22:37:52Z,{'totalCount': 1260},{'totalCount': 1317}
julycoding/The-Art-Of-Programming-By-July,2013-12-14T10:00:06Z,{'totalCount': 82},{'totalCount': 127}
react-native-elements/react-native-elements,2016-09-08T14:21:41Z,{'totalCount': 1500},{'totalCount': 1535}
chubin/cheat.sh,2017-05-07T21:40:56Z,{'totalCount': 69},{'totalCount': 139}
nagadomi/waifu2x,2015-05-17T07:29:15Z,{'totalCount': 168},{'totalCount': 280}
petkaantonov/bluebird,2013-09-07T19:39:57Z,{'totalCount': 1062},{'totalCount': 1120}
doczjs/docz,2018-03-17T04:24:10Z,{'totalCount': 1084},{'totalCount': 1124}
FallibleInc/security-guide-for-developers,2016-06-08T15:56:25Z,{'totalCount': 4},{'totalCount': 12}
lukasz-madon/awesome-remote-job,2015-01-02T00:31:34Z,{'totalCount': 35},{'totalCount': 39}
nefe/You-Dont-Need-jQuery,2015-11-21T16:02:26Z,{'totalCount': 57},{'totalCount': 65}
trailofbits/algo,2016-05-15T03:42:48Z,{'totalCount': 1246},{'totalCount': 1316}
inconshreveable/ngrok,2013-03-20T09:37:43Z,{'totalCount': 384},{'totalCount': 630}
dotnet/aspnetcore,2014-03-11T06:09:42Z,{'totalCount': 15408},{'totalCount': 17919}
pcottle/learnGitBranching,2012-08-13T22:36:09Z,{'totalCount': 293},{'totalCount': 324}
tipsy/profile-summary-for-github,2017-12-10T13:29:15Z,{'totalCount': 57},{'totalCount': 69}
wsargent/docker-cheat-sheet,2014-08-05T20:04:20Z,{'totalCount': 22},{'totalCount': 27}
futurice/android-best-practices,2014-07-29T09:09:44Z,{'totalCount': 61},{'totalCount': 83}
ReactiveX/RxAndroid,2014-08-19T03:46:38Z,{'totalCount': 338},{'totalCount': 338}
acmesh-official/acme.sh,2015-12-26T12:56:33Z,{'totalCount': 1280},{'totalCount': 1822}
enzymejs/enzyme,2015-11-10T21:45:38Z,{'totalCount': 1426},{'totalCount': 1663}
ReactiveX/RxSwift,2015-04-07T21:25:17Z,{'totalCount': 1070},{'totalCount': 1076}
kubernetes/minikube,2016-04-15T22:38:35Z,{'totalCount': 4596},{'totalCount': 5002}
domnikl/DesignPatternsPHP,2011-08-22T05:24:31Z,{'totalCount': 92},{'totalCount': 94}
facebook/docusaurus,2017-06-20T16:13:53Z,{'totalCount': 1020},{'totalCount': 1196}
jlmakes/scrollreveal,2014-01-16T17:37:20Z,{'totalCount': 444},{'totalCount': 457}
SamyPesse/How-to-Make-a-Computer-Operating-System,2013-11-29T17:36:32Z,{'totalCount': 25},{'totalCount': 65}
NativeScript/NativeScript,2015-03-01T09:47:08Z,{'totalCount': 5089},{'totalCount': 5820}
kataras/iris,2016-01-30T04:36:48Z,{'totalCount': 634},{'totalCount': 648}
apache/incubator-mxnet,2015-04-30T16:21:15Z,{'totalCount': 7444},{'totalCount': 9010}
cockroachdb/cockroach,2014-02-06T00:18:47Z,{'totalCount': 24449},{'totalCount': 27667}
mattermost/mattermost-server,2015-06-15T06:50:02Z,{'totalCount': 4470},{'totalCount': 4927}
rollup/rollup,2015-05-14T22:26:28Z,{'totalCount': 2176},{'totalCount': 2402}
QSCTech/zju-icicles,2016-06-28T16:17:32Z,{'totalCount': 33},{'totalCount': 39}
HeroTransitions/Hero,2016-11-24T18:49:37Z,{'totalCount': 378},{'totalCount': 554}
facebook/draft-js,2016-02-19T20:18:26Z,{'totalCount': 917},{'totalCount': 1561}
tmux/tmux,2015-06-03T23:32:55Z,{'totalCount': 2012},{'totalCount': 2023}
feathericons/feather,2014-05-28T19:49:55Z,{'totalCount': 204},{'totalCount': 485}
postcss/autoprefixer,2013-03-14T05:04:51Z,{'totalCount': 1025},{'totalCount': 1054}
chenglou/react-motion,2015-06-11T07:38:23Z,{'totalCount': 242},{'totalCount': 387}
encode/django-rest-framework,2011-03-02T17:13:56Z,{'totalCount': 3345},{'totalCount': 3533}
MostlyAdequate/mostly-adequate-guide,2015-05-06T01:44:15Z,{'totalCount': 191},{'totalCount': 240}
react-navigation/react-navigation,2017-01-26T19:51:40Z,{'totalCount': 7183},{'totalCount': 7378}
pjreddie/darknet,2014-04-11T07:59:16Z,{'totalCount': 480},{'totalCount': 2049}
OAI/OpenAPI-Specification,2014-03-03T16:53:36Z,{'totalCount': 1080},{'totalCount': 1526}
odoo/odoo,2014-05-13T15:38:58Z,{'totalCount': 11436},{'totalCount': 12803}
cfenollosa/os-tutorial,2014-09-29T08:39:34Z,{'totalCount': 64},{'totalCount': 105}
tj/commander.js,2011-08-14T21:33:58Z,{'totalCount': 696},{'totalCount': 712}
d2l-ai/d2l-zh,2017-08-23T04:40:24Z,{'totalCount': 0},{'totalCount': 0}
geekcomputers/Python,2011-11-30T09:04:08Z,{'totalCount': 69},{'totalCount': 157}
balena-io/etcher,2015-10-27T16:53:23Z,{'totalCount': 1259},{'totalCount': 1517}
SeleniumHQ/selenium,2013-01-14T21:40:56Z,{'totalCount': 6424},{'totalCount': 6719}
hasura/graphql-engine,2018-06-18T07:57:36Z,{'totalCount': 2038},{'totalCount': 3078}
AobingJava/JavaFamily,2019-11-12T04:26:18Z,{'totalCount': 33},{'totalCount': 42}
denysdovhan/wtfjs,2017-07-14T15:42:12Z,{'totalCount': 28},{'totalCount': 72}
JohnCoates/Aerial,2015-10-26T21:21:31Z,{'totalCount': 768},{'totalCount': 814}
vlang/v,2019-02-08T02:57:06Z,{'totalCount': 2151},{'totalCount': 2838}
fengdu78/Coursera-ML-AndrewNg-Notes,2017-11-04T10:04:08Z,{'totalCount': 11},{'totalCount': 48}
ruanyf/es6tutorial,2014-04-20T13:06:28Z,{'totalCount': 485},{'totalCount': 485}
segmentio/nightmare,2014-04-05T22:19:51Z,{'totalCount': 1060},{'totalCount': 1217}
mongodb/mongo,2009-01-15T16:15:18Z,{'totalCount': 0},{'totalCount': 0}
CMU-Perceptual-Computing-Lab/openpose,2017-04-24T14:06:31Z,{'totalCount': 1401},{'totalCount': 1439}
google/web-starter-kit,2014-04-07T08:45:18Z,{'totalCount': 534},{'totalCount': 579}
ianstormtaylor/slate,2016-06-18T01:52:42Z,{'totalCount': 2074},{'totalCount': 2323}
google/gson,2015-03-19T18:21:20Z,{'totalCount': 869},{'totalCount': 1316}
lenve/vhr,2018-01-04T08:57:51Z,{'totalCount': 83},{'totalCount': 205}
veggiemonk/awesome-docker,2014-09-21T17:01:48Z,{'totalCount': 106},{'totalCount': 107}
bannedbook/fanqiang,2015-01-14T00:34:25Z,{'totalCount': 329},{'totalCount': 532}
spf13/cobra,2013-09-03T20:40:26Z,{'totalCount': 446},{'totalCount': 628}
Prinzhorn/skrollr,2012-03-18T15:41:35Z,{'totalCount': 533},{'totalCount': 776}
bilibili/flv.js,2016-05-12T08:34:31Z,{'totalCount': 269},{'totalCount': 556}
swagger-api/swagger-ui,2011-07-15T22:56:39Z,{'totalCount': 3665},{'totalCount': 4203}
verekia/js-stack-from-scratch,2016-10-02T13:31:23Z,{'totalCount': 118},{'totalCount': 157}
nsqio/nsq,2012-05-12T14:37:08Z,{'totalCount': 493},{'totalCount': 535}
openfaas/faas,2016-12-22T12:51:39Z,{'totalCount': 634},{'totalCount': 697}
xi-editor/xi-editor,2016-04-26T23:03:23Z,{'totalCount': 387},{'totalCount': 513}
android/architecture-components-samples,2017-05-09T21:09:14Z,{'totalCount': 491},{'totalCount': 590}
react-bootstrap/react-bootstrap,2013-12-27T19:06:07Z,{'totalCount': 2719},{'totalCount': 2808}
ftlabs/fastclick,2012-02-13T08:38:00Z,{'totalCount': 179},{'totalCount': 391}
avajs/ava,2014-11-18T17:20:26Z,{'totalCount': 1324},{'totalCount': 1401}
Wox-launcher/Wox,2013-12-19T15:49:32Z,{'totalCount': 2343},{'totalCount': 2765}
vuejs/vue-devtools,2014-09-29T03:52:07Z,{'totalCount': 695},{'totalCount': 946}
apache/airflow,2015-04-13T18:04:58Z,{'totalCount': 1197},{'totalCount': 1790}
react-spring/react-spring,2018-03-07T15:39:32Z,{'totalCount': 684},{'totalCount': 793}
sqlmapproject/sqlmap,2012-06-26T09:52:15Z,{'totalCount': 3954},{'totalCount': 4002}
poteto/hiring-without-whiteboards,2017-03-15T05:09:01Z,{'totalCount': 0},{'totalCount': 0}
afollestad/material-dialogs,2014-11-03T03:21:42Z,{'totalCount': 1154},{'totalCount': 1203}
jorgebucaran/hyperapp,2017-01-20T05:20:21Z,{'totalCount': 520},{'totalCount': 535}
labstack/echo,2015-03-01T17:43:01Z,{'totalCount': 1019},{'totalCount': 1045}
curl/curl,2010-03-18T22:32:22Z,{'totalCount': 2424},{'totalCount': 2445}
ipfs/ipfs,2014-02-11T07:28:24Z,{'totalCount': 202},{'totalCount': 202}
bcit-ci/CodeIgniter,2011-08-19T13:34:00Z,{'totalCount': 3073},{'totalCount': 3133}
jamiebuilds/the-super-tiny-compiler,2016-03-11T04:19:18Z,{'totalCount': 0},{'totalCount': 0}
sampotts/plyr,2015-02-14T11:33:07Z,{'totalCount': 1035},{'totalCount': 1518}
yunjey/pytorch-tutorial,2017-03-10T07:41:47Z,{'totalCount': 111},{'totalCount': 160}
komeiji-satori/Dress,2018-02-11T03:49:29Z,{'totalCount': 228},{'totalCount': 314}
go-kit/kit,2015-02-03T00:01:19Z,{'totalCount': 409},{'totalCount': 472}
golang-standards/project-layout,2017-09-09T16:33:26Z,{'totalCount': 11},{'totalCount': 47}
helm/helm,2015-10-06T01:07:32Z,{'totalCount': 4454},{'totalCount': 4944}
jaredhanson/passport,2011-10-08T22:38:32Z,{'totalCount': 327},{'totalCount': 653}
dotnet/corefx,2014-11-06T23:42:48Z,{'totalCount': 0},{'totalCount': 0}
felixrieseberg/windows95,2018-08-23T05:04:38Z,{'totalCount': 87},{'totalCount': 151}
mbadolato/iTerm2-Color-Schemes,2011-04-01T04:01:46Z,{'totalCount': 49},{'totalCount': 62}
Seldaek/monolog,2011-02-17T02:07:15Z,{'totalCount': 610},{'totalCount': 636}
psf/black,2018-03-14T19:54:45Z,{'totalCount': 848},{'totalCount': 1170}
keon/algorithms,2016-11-17T22:32:08Z,{'totalCount': 78},{'totalCount': 116}
immerjs/immer,2017-12-29T12:25:47Z,{'totalCount': 408},{'totalCount': 415}
parse-community/parse-server,2016-01-28T18:29:14Z,{'totalCount': 3646},{'totalCount': 3740}
SnapKit/Masonry,2013-07-22T01:15:48Z,{'totalCount': 329},{'totalCount': 447}
Popmotion/popmotion,2014-08-17T16:23:07Z,{'totalCount': 538},{'totalCount': 553}
dhg/Skeleton,2011-04-30T20:04:24Z,{'totalCount': 123},{'totalCount': 194}
davideuler/architecture.of.internet-product,2018-04-30T10:25:31Z,{'totalCount': 3},{'totalCount': 10}
YMFE/yapi,2016-05-30T09:09:09Z,{'totalCount': 765},{'totalCount': 1743}
laurent22/joplin,2017-01-16T21:49:41Z,{'totalCount': 2485},{'totalCount': 2662}
xkcoding/spring-boot-demo,2017-11-10T06:27:29Z,{'totalCount': 57},{'totalCount': 104}
localForage/localForage,2013-10-31T00:10:06Z,{'totalCount': 469},{'totalCount': 631}
viatsko/awesome-vscode,2016-02-07T23:02:45Z,{'totalCount': 21},{'totalCount': 34}
stedolan/jq,2012-07-18T19:57:25Z,{'totalCount': 1175},{'totalCount': 1700}
matterport/Mask_RCNN,2017-10-19T20:28:34Z,{'totalCount': 683},{'totalCount': 2129}
facebook/rocksdb,2012-11-30T06:16:18Z,{'totalCount': 1633},{'totalCount': 2010}
ruanyf/jstraining,2016-10-27T12:00:26Z,{'totalCount': 41},{'totalCount': 41}
hashicorp/vault,2015-02-25T00:15:59Z,{'totalCount': 3218},{'totalCount': 3851}
google/python-fire,2017-02-21T21:35:07Z,{'totalCount': 120},{'totalCount': 186}
servo/servo,2012-02-08T19:07:25Z,{'totalCount': 8072},{'totalCount': 11321}
jcjohnson/neural-style,2015-09-01T04:55:14Z,{'totalCount': 143},{'totalCount': 436}
square/picasso,2013-05-14T15:07:47Z,{'totalCount': 1325},{'totalCount': 1510}
lovell/sharp,2013-08-19T20:24:24Z,{'totalCount': 2022},{'totalCount': 2106}
alibaba/weex,2016-03-11T10:18:11Z,{'totalCount': 1310},{'totalCount': 1845}
Homebrew/homebrew-cask,2012-03-05T02:05:17Z,{'totalCount': 5489},{'totalCount': 5521}
yeasy/docker_practice,2014-09-05T04:06:39Z,{'totalCount': 180},{'totalCount': 184}
libgdx/libgdx,2012-08-10T19:34:38Z,{'totalCount': 3025},{'totalCount': 3191}
tobiasahlin/SpinKit,2013-12-12T23:29:41Z,{'totalCount': 52},{'totalCount': 55}
elixir-lang/elixir,2011-01-09T08:43:57Z,{'totalCount': 4150},{'totalCount': 4159}
vuejs/vuepress,2018-04-05T16:58:38Z,{'totalCount': 1262},{'totalCount': 1561}
typescript-cheatsheets/react,2018-06-02T04:08:16Z,{'totalCount': 101},{'totalCount': 112}
TeamStuQ/skill-map,2015-11-17T11:17:38Z,{'totalCount': 14},{'totalCount': 80}
necolas/react-native-web,2015-06-09T19:25:38Z,{'totalCount': 1212},{'totalCount': 1271}
kilimchoi/engineering-blogs,2015-06-13T18:25:17Z,{'totalCount': 75},{'totalCount': 77}
ruby/ruby,2010-02-27T15:55:23Z,{'totalCount': 0},{'totalCount': 0}
jesseduffield/lazygit,2018-05-19T00:53:06Z,{'totalCount': 408},{'totalCount': 523}
getredash/redash,2013-10-28T13:19:39Z,{'totalCount': 1581},{'totalCount': 1967}
airyland/vux,2016-02-15T03:23:27Z,{'totalCount': 2471},{'totalCount': 3252}
drduh/macOS-Security-and-Privacy-Guide,2015-08-31T03:36:35Z,{'totalCount': 214},{'totalCount': 218}
jhipster/generator-jhipster,2013-10-21T20:07:22Z,{'totalCount': 5938},{'totalCount': 6048}
nikitavoloboev/my-mac-os,2016-03-04T12:26:34Z,{'totalCount': 68},{'totalCount': 70}
seata/seata,2018-12-28T08:37:22Z,{'totalCount': 1305},{'totalCount': 1694}
npm/npm,2009-09-29T17:21:24Z,{'totalCount': 16504},{'totalCount': 18671}
explosion/spaCy,2014-07-03T15:15:40Z,{'totalCount': 4023},{'totalCount': 4196}
reduxjs/reselect,2015-07-01T11:06:45Z,{'totalCount': 240},{'totalCount': 307}
goldfire/howler.js,2013-01-28T16:47:12Z,{'totalCount': 953},{'totalCount': 1166}
osquery/osquery,2014-07-29T20:27:33Z,{'totalCount': 2091},{'totalCount': 2525}
chrisbanes/PhotoView,2012-07-17T16:39:00Z,{'totalCount': 472},{'totalCount': 620}
google/googletest,2015-07-28T15:07:53Z,{'totalCount': 1450},{'totalCount': 1564}
BoostIO/Boostnote,2016-03-06T17:06:07Z,{'totalCount': 1868},{'totalCount': 2287}
eslint/eslint,2013-06-29T23:59:48Z,{'totalCount': 7986},{'totalCount': 8085}
commaai/openpilot,2016-11-24T01:33:30Z,{'totalCount': 521},{'totalCount': 572}
hollischuang/toBeTopJavaer,2018-10-25T09:54:54Z,{'totalCount': 37},{'totalCount': 56}
benweet/stackedit,2013-03-24T13:46:06Z,{'totalCount': 965},{'totalCount': 1539}
zhaoolee/ChromeAppHeroes,2019-02-07T06:35:24Z,{'totalCount': 27},{'totalCount': 36}
highlightjs/highlight.js,2011-01-01T23:47:21Z,{'totalCount': 1361},{'totalCount': 1406}
geekxh/hello-algorithm,2020-05-29T05:47:09Z,{'totalCount': 21},{'totalCount': 21}
vuejs/vue-router,2013-12-11T19:37:46Z,{'totalCount': 2393},{'totalCount': 2476}
ApolloAuto/apollo,2017-07-04T19:03:31Z,{'totalCount': 2036},{'totalCount': 2599}
rwaldron/idiomatic.js,2011-05-25T17:48:59Z,{'totalCount': 44},{'totalCount': 76}
rust-unofficial/awesome-rust,2014-07-17T10:45:10Z,{'totalCount': 71},{'totalCount': 85}
Binaryify/NeteaseCloudMusicApi,2016-06-22T11:58:03Z,{'totalCount': 776},{'totalCount': 811}
prisma/prisma1,2016-09-25T12:54:40Z,{'totalCount': 2914},{'totalCount': 3413}
kelthuzadx/hosts,2014-07-04T01:05:27Z,{'totalCount': 888},{'totalCount': 891}
gfwlist/gfwlist,2015-03-13T13:24:56Z,{'totalCount': 1458},{'totalCount': 1971}
alibaba/easyexcel,2018-02-06T03:14:08Z,{'totalCount': 1387},{'totalCount': 1435}
qiurunze123/miaosha,2018-09-14T04:36:24Z,{'totalCount': 29},{'totalCount': 48}
microsoft/CNTK,2015-11-26T09:52:06Z,{'totalCount': 2512},{'totalCount': 3252}
apache/kafka,2011-08-15T18:06:16Z,{'totalCount': 0},{'totalCount': 0}
facebook/flux,2014-07-20T23:33:08Z,{'totalCount': 216},{'totalCount': 229}
SnapKit/SnapKit,2014-06-05T21:13:40Z,{'totalCount': 429},{'totalCount': 498}
marktext/marktext,2017-11-12T16:05:25Z,{'totalCount': 1111},{'totalCount': 1508}
nicolargo/glances,2011-12-04T08:49:15Z,{'totalCount': 1074},{'totalCount': 1259}
fabricjs/fabric.js,2010-06-09T22:24:38Z,{'totalCount': 4536},{'totalCount': 4760}
eriklindernoren/ML-From-Scratch,2017-02-05T12:11:23Z,{'totalCount': 33},{'totalCount': 55}
julianshapiro/velocity,2014-04-09T20:02:38Z,{'totalCount': 767},{'totalCount': 807}
nostra13/Android-Universal-Image-Loader,2011-11-27T18:48:23Z,{'totalCount': 771},{'totalCount': 1206}
git-tips/tips,2015-07-15T07:24:48Z,{'totalCount': 16},{'totalCount': 27}
palantir/blueprint,2016-10-25T21:17:50Z,{'totalCount': 1701},{'totalCount': 2221}
defunkt/jquery-pjax,2011-02-26T02:44:18Z,{'totalCount': 386},{'totalCount': 441}
onevcat/Kingfisher,2015-04-06T14:26:21Z,{'totalCount': 933},{'totalCount': 977}
wuyouzhuguli/SpringAll,2018-05-02T02:48:44Z,{'totalCount': 24},{'totalCount': 32}
graphql/graphql-js,2015-06-30T12:16:50Z,{'totalCount': 779},{'totalCount': 882}
sebastianruder/NLP-progress,2018-06-22T17:43:55Z,{'totalCount': 62},{'totalCount': 82}
facebook/hhvm,2010-01-02T01:17:06Z,{'totalCount': 5180},{'totalCount': 5754}
halo-dev/halo,2018-03-21T12:56:52Z,{'totalCount': 621},{'totalCount': 693}
wekan/wekan,2014-01-21T01:26:28Z,{'totalCount': 1840},{'totalCount': 2432}
adobe-fonts/source-code-pro,2012-08-09T23:14:02Z,{'totalCount': 144},{'totalCount': 191}
angular/material,2014-07-01T19:20:06Z,{'totalCount': 8605},{'totalCount': 8958}
uglide/RedisDesktopManager,2013-08-05T07:51:08Z,{'totalCount': 4304},{'totalCount': 4334}
InterviewMap/CS-Interview-Knowledge-Map,2018-03-19T02:38:12Z,{'totalCount': 74},{'totalCount': 101}
sebastianbergmann/phpunit,2009-12-24T13:16:23Z,{'totalCount': 2674},{'totalCount': 2799}
Micropoor/Micro8,2019-02-18T08:30:52Z,{'totalCount': 30},{'totalCount': 42}
swisskyrepo/PayloadsAllTheThings,2016-10-18T07:29:07Z,{'totalCount': 40},{'totalCount': 48}
wenyan-lang/wenyan,2019-12-08T20:21:32Z,{'totalCount': 295},{'totalCount': 454}
judasn/IntelliJ-IDEA-Tutorial,2015-08-17T15:25:52Z,{'totalCount': 66},{'totalCount': 71}
wangzheng0822/algo,2018-09-24T05:33:46Z,{'totalCount': 21},{'totalCount': 107}
microsoft/playwright,2019-11-15T18:32:42Z,{'totalCount': 866},{'totalCount': 999}
vercel/pkg,2016-08-08T19:41:59Z,{'totalCount': 334},{'totalCount': 866}
less/less.js,2010-02-20T17:25:38Z,{'totalCount': 2536},{'totalCount': 2680}
facebook/fresco,2015-03-02T09:58:04Z,{'totalCount': 2009},{'totalCount': 2124}
google/ExoPlayer,2014-06-13T21:19:18Z,{'totalCount': 6571},{'totalCount': 6985}
js-cookie/js-cookie,2015-03-19T15:57:47Z,{'totalCount': 436},{'totalCount': 439}
uikit/uikit,2013-07-18T16:00:26Z,{'totalCount': 3151},{'totalCount': 3749}
validatorjs/validator.js,2010-10-06T06:58:48Z,{'totalCount': 643},{'totalCount': 739}
notable/notable,2018-12-22T13:57:19Z,{'totalCount': 797},{'totalCount': 1219}
microsoft/api-guidelines,2016-07-12T20:01:24Z,{'totalCount': 56},{'totalCount': 82}
quasarframework/quasar,2015-10-05T15:45:36Z,{'totalCount': 4705},{'totalCount': 4880}
jesseduffield/lazydocker,2019-05-18T08:53:50Z,{'totalCount': 73},{'totalCount': 144}
twitter/typeahead.js,2013-02-19T19:45:01Z,{'totalCount': 905},{'totalCount': 1316}
JacksonTian/fks,2012-10-17T05:55:16Z,{'totalCount': 17},{'totalCount': 29}
jenkinsci/jenkins,2010-11-22T21:21:23Z,{'totalCount': 0},{'totalCount': 0}
reactnativecn/react-native-guide,2015-04-10T03:34:17Z,{'totalCount': 18},{'totalCount': 20}
StevenBlack/hosts,2012-04-12T20:22:50Z,{'totalCount': 927},{'totalCount': 963}
eggjs/egg,2016-06-18T06:53:23Z,{'totalCount': 3275},{'totalCount': 3397}
winstonjs/winston,2010-12-29T18:49:51Z,{'totalCount': 882},{'totalCount': 1182}
mojs/mojs,2014-06-26T08:49:14Z,{'totalCount': 129},{'totalCount': 173}
ElemeFE/mint-ui,2016-05-17T09:54:10Z,{'totalCount': 981},{'totalCount': 1219}
swoole/swoole-src,2012-07-21T13:49:59Z,{'totalCount': 2484},{'totalCount': 2522}
HelloZeroNet/ZeroNet,2015-01-12T00:41:38Z,{'totalCount': 1380},{'totalCount': 2003}
datasciencemasters/go,2013-08-14T08:33:55Z,{'totalCount': 24},{'totalCount': 49}
nosir/cleave.js,2016-05-18T12:45:03Z,{'totalCount': 319},{'totalCount': 443}
portainer/portainer,2016-05-19T20:15:28Z,{'totalCount': 2265},{'totalCount': 2859}
sirupsen/logrus,2013-10-16T19:08:55Z,{'totalCount': 478},{'totalCount': 536}
google/flexbox-layout,2016-05-04T08:11:22Z,{'totalCount': 201},{'totalCount': 273}
v8/v8,2014-09-24T15:24:30Z,{'totalCount': 0},{'totalCount': 0}
jtoy/awesome-tensorflow,2016-02-27T17:00:27Z,{'totalCount': 10},{'totalCount': 10}
alsotang/node-lessons,2014-10-05T09:57:08Z,{'totalCount': 45},{'totalCount': 127}
1c7/chinese-independent-developer,2017-09-21T11:08:23Z,{'totalCount': 51},{'totalCount': 53}
ChristosChristofidis/awesome-deep-learning,2015-01-02T19:28:35Z,{'totalCount': 13},{'totalCount': 14}
mysqljs/mysql,2010-07-29T14:58:13Z,{'totalCount': 1868},{'totalCount': 2008}
libuv/libuv,2013-11-30T00:29:56Z,{'totalCount': 1171},{'totalCount': 1241}
Kotlin/anko,2014-09-18T12:12:23Z,{'totalCount': 380},{'totalCount': 617}
FelisCatus/SwitchyOmega,2012-06-08T15:32:30Z,{'totalCount': 1646},{'totalCount': 2055}
tqdm/tqdm,2015-06-03T13:13:14Z,{'totalCount': 454},{'totalCount': 671}
celery/celery,2009-04-24T11:31:24Z,{'totalCount': 3839},{'totalCount': 4241}
MLEveryday/100-Days-Of-ML-Code,2018-08-05T13:32:48Z,{'totalCount': 39},{'totalCount': 47}
GitSquared/edex-ui,2017-01-28T09:35:02Z,{'totalCount': 320},{'totalCount': 346}
popperjs/popper-core,2016-03-29T17:00:47Z,{'totalCount': 646},{'totalCount': 659}
0xd4d/dnSpy,2015-07-01T16:05:10Z,{'totalCount': 1291},{'totalCount': 1467}
fastify/fastify,2016-09-28T19:10:14Z,{'totalCount': 942},{'totalCount': 994}
jdg/MBProgressHUD,2009-05-31T21:45:41Z,{'totalCount': 335},{'totalCount': 385}
framework7io/framework7,2014-02-23T12:15:53Z,{'totalCount': 3009},{'totalCount': 3098}
electron-react-boilerplate/electron-react-boilerplate,2015-05-18T09:54:57Z,{'totalCount': 1190},{'totalCount': 1231}
android/plaid,2015-10-30T16:10:56Z,{'totalCount': 272},{'totalCount': 335}
alibaba/canal,2013-01-13T10:59:52Z,{'totalCount': 2292},{'totalCount': 2603}
sideway/joi,2012-09-16T16:38:06Z,{'totalCount': 1877},{'totalCount': 1905}
phoenixframework/phoenix,2014-01-20T14:14:11Z,{'totalCount': 1905},{'totalCount': 1927}
hubotio/hubot,2011-08-27T08:30:59Z,{'totalCount': 685},{'totalCount': 757}
dwmkerr/hacker-laws,2018-01-25T03:46:34Z,{'totalCount': 49},{'totalCount': 148}
vuejs/vue-next,2018-06-12T13:49:36Z,{'totalCount': 673},{'totalCount': 720}
magenta/magenta,2016-05-05T20:10:40Z,{'totalCount': 514},{'totalCount': 753}
jashkenas/coffeescript,2009-12-18T01:39:53Z,{'totalCount': 4025},{'totalCount': 4066}
alibaba/ice,2016-11-03T06:59:15Z,{'totalCount': 1454},{'totalCount': 1475}
shuzheng/zheng,2016-10-04T10:07:06Z,{'totalCount': 62},{'totalCount': 94}
facebook/folly,2012-06-01T20:49:04Z,{'totalCount': 522},{'totalCount': 739}
n0shake/Public-APIs,2016-01-13T18:53:25Z,{'totalCount': 33},{'totalCount': 37}
alibaba/spring-cloud-alibaba,2017-12-01T20:49:15Z,{'totalCount': 876},{'totalCount': 1137}
xuxueli/xxl-job,2015-11-28T12:59:34Z,{'totalCount': 1415},{'totalCount': 1708}
handlebars-lang/handlebars.js,2010-07-31T18:54:46Z,{'totalCount': 1184},{'totalCount': 1242}
fish-shell/fish-shell,2012-05-10T03:00:55Z,{'totalCount': 4747},{'totalCount': 5207}
PHPMailer/PHPMailer,2011-08-23T07:57:17Z,{'totalCount': 1604},{'totalCount': 1642}
looly/hutool,2014-04-13T07:23:51Z,{'totalCount': 876},{'totalCount': 880}
didi/DoraemonKit,2018-08-14T10:32:07Z,{'totalCount': 362},{'totalCount': 410}
reddit-archive/reddit,2008-06-18T23:30:53Z,{'totalCount': 0},{'totalCount': 0}
basecamp/trix,2013-08-01T22:21:30Z,{'totalCount': 592},{'totalCount': 630}
viraptor/reverse-interview,2019-09-08T13:38:40Z,{'totalCount': 13},{'totalCount': 19}
gto76/python-cheatsheet,2018-01-25T04:16:53Z,{'totalCount': 16},{'totalCount': 20}
streamich/react-use,2018-10-27T10:16:05Z,{'totalCount': 166},{'totalCount': 309}
homebridge/homebridge,2014-12-01T16:37:39Z,{'totalCount': 2329},{'totalCount': 2340}
jamiebuilds/react-loadable,2017-03-09T18:41:17Z,{'totalCount': 0},{'totalCount': 0}
iissnan/hexo-theme-next,2014-12-01T14:07:07Z,{'totalCount': 1773},{'totalCount': 1835}
microsoft/MS-DOS,2018-06-25T18:26:02Z,{'totalCount': 49},{'totalCount': 52}
rubocop-hq/ruby-style-guide,2011-09-12T13:03:05Z,{'totalCount': 232},{'totalCount': 298}
tsenart/vegeta,2013-08-13T11:45:21Z,{'totalCount': 295},{'totalCount': 339}
nuysoft/Mock,2013-04-26T08:06:57Z,{'totalCount': 133},{'totalCount': 383}
bazelbuild/bazel,2014-06-12T16:00:38Z,{'totalCount': 6071},{'totalCount': 8032}
visionmedia/superagent,2011-04-13T02:29:45Z,{'totalCount': 861},{'totalCount': 984}
statsd/statsd,2010-12-30T00:09:50Z,{'totalCount': 218},{'totalCount': 259}
Eugeny/terminus,2016-12-23T09:06:10Z,{'totalCount': 1321},{'totalCount': 1673}
Tencent/tinker,2016-09-06T06:57:52Z,{'totalCount': 1020},{'totalCount': 1343}
ruanyf/react-demos,2015-03-23T10:50:07Z,{'totalCount': 28},{'totalCount': 28}
reduxjs/redux-thunk,2015-07-13T13:33:08Z,{'totalCount': 186},{'totalCount': 190}
sindresorhus/quick-look-plugins,2013-12-07T15:43:33Z,{'totalCount': 73},{'totalCount': 80}
dotnet-architecture/eShopOnContainers,2016-10-05T22:35:23Z,{'totalCount': 879},{'totalCount': 917}
Developer-Y/cs-video-courses,2016-10-21T17:02:11Z,{'totalCount': 18},{'totalCount': 21}
nostalgic-css/NES.css,2018-09-24T01:49:11Z,{'totalCount': 133},{'totalCount': 156}
ipader/SwiftGuide,2014-06-14T01:17:57Z,{'totalCount': 27},{'totalCount': 27}
rancher/rancher,2014-11-07T20:49:31Z,{'totalCount': 20312},{'totalCount': 23565}
enyo/dropzone,2012-02-12T16:19:18Z,{'totalCount': 0},{'totalCount': 0}
google/eng-practices,2019-09-04T20:47:01Z,{'totalCount': 4},{'totalCount': 6}
Awesome-HarmonyOS/HarmonyOS,2019-08-09T11:24:00Z,{'totalCount': 0},{'totalCount': 0}
crystal-lang/crystal,2012-11-27T17:32:32Z,{'totalCount': 4332},{'totalCount': 5277}
mxgmn/WaveFunctionCollapse,2016-09-30T11:53:17Z,{'totalCount': 35},{'totalCount': 38}
bower/bower,2012-09-07T00:15:39Z,{'totalCount': 1893},{'totalCount': 1901}
mozilla/DeepSpeech,2016-06-02T15:04:53Z,{'totalCount': 1755},{'totalCount': 1828}
dennybritz/reinforcement-learning,2016-08-24T17:02:41Z,{'totalCount': 58},{'totalCount': 144}
iview/iview-admin,2017-09-15T10:34:27Z,{'totalCount': 608},{'totalCount': 1163}
dvajs/dva,2016-06-24T09:06:16Z,{'totalCount': 2050},{'totalCount': 2071}
chalk/chalk,2013-08-03T00:20:12Z,{'totalCount': 264},{'totalCount': 273}
jeromeetienne/AR.js,2017-02-17T10:27:59Z,{'totalCount': 628},{'totalCount': 632}
docsifyjs/docsify,2016-11-20T07:55:43Z,{'totalCount': 767},{'totalCount': 875}
PKUanonym/REKCARC-TSC-UHT,2019-04-05T03:31:23Z,{'totalCount': 10},{'totalCount': 17}
google/flatbuffers,2014-05-19T18:33:01Z,{'totalCount': 1297},{'totalCount': 1426}
libra/libra,2019-04-02T21:51:45Z,{'totalCount': 755},{'totalCount': 993}
dbeaver/dbeaver,2015-10-21T08:26:28Z,{'totalCount': 7573},{'totalCount': 8792}
zhangdaiscott/jeecg-boot,2018-11-26T10:40:00Z,{'totalCount': 1420},{'totalCount': 1445}
chaozh/awesome-blockchain-cn,2017-03-12T06:02:46Z,{'totalCount': 18},{'totalCount': 25}
eligrey/FileSaver.js,2011-07-15T03:27:54Z,{'totalCount': 440},{'totalCount': 535}
shieldfy/API-Security-Checklist,2017-07-08T20:01:38Z,{'totalCount': 19},{'totalCount': 30}
zyedidia/micro,2016-03-11T02:06:28Z,{'totalCount': 975},{'totalCount': 1317}
HubSpot/pace,2013-09-12T04:24:29Z,{'totalCount': 140},{'totalCount': 421}
jasmine/jasmine,2008-12-02T23:46:37Z,{'totalCount': 1227},{'totalCount': 1286}
youzan/vant,2017-04-19T07:55:31Z,{'totalCount': 4492},{'totalCount': 4511}
facebook/relay,2015-08-10T22:09:16Z,{'totalCount': 1410},{'totalCount': 1632}
sharkdp/fd,2017-05-09T21:27:10Z,{'totalCount': 358},{'totalCount': 406}
joewalnes/websocketd,2013-02-14T14:52:55Z,{'totalCount': 250},{'totalCount': 278}
desandro/masonry,2009-11-21T21:04:56Z,{'totalCount': 1046},{'totalCount': 1080}
forem/forem,2016-11-13T23:02:13Z,{'totalCount': 2202},{'totalCount': 3069}
datawhalechina/pumpkin-book,2018-12-22T05:05:24Z,{'totalCount': 36},{'totalCount': 52}
material-components/material-components-web,2016-12-05T16:04:09Z,{'totalCount': 2289},{'totalCount': 2605}
kriskowal/q,2010-09-04T01:21:12Z,{'totalCount': 450},{'totalCount': 551}
CarGuo/GSYVideoPlayer,2016-11-13T12:34:31Z,{'totalCount': 2799},{'totalCount': 2819}
zziz/pwc,2018-09-02T12:06:52Z,{'totalCount': 4},{'totalCount': 20}
wagerfield/parallax,2013-08-01T15:28:05Z,{'totalCount': 201},{'totalCount': 249}
instillai/TensorFlow-Course,2018-10-02T18:10:12Z,{'totalCount': 11},{'totalCount': 11}
numpy/numpy,2010-09-13T23:02:39Z,{'totalCount': 7010},{'totalCount': 8898}
cjbarber/ToolsOfTheTrade,2014-05-29T04:11:33Z,{'totalCount': 38},{'totalCount': 38}
elastic/kibana,2013-01-26T04:00:59Z,{'totalCount': 20825},{'totalCount': 27650}
websockets/ws,2011-11-09T22:32:45Z,{'totalCount': 1179},{'totalCount': 1185}
leereilly/games,2012-01-05T19:48:55Z,{'totalCount': 75},{'totalCount': 205}
madrobby/zepto,2010-09-20T07:57:57Z,{'totalCount': 680},{'totalCount': 747}
recharts/recharts,2015-08-07T06:50:27Z,{'totalCount': 1749},{'totalCount': 1930}
PostgREST/postgrest,2014-06-13T00:23:00Z,{'totalCount': 861},{'totalCount': 966}
keystonejs/keystone-classic,2013-07-02T05:01:55Z,{'totalCount': 2152},{'totalCount': 2452}
Tencent/mars,2016-12-12T04:39:54Z,{'totalCount': 543},{'totalCount': 757}
adam-golab/react-developer-roadmap,2018-06-16T13:40:50Z,{'totalCount': 18},{'totalCount': 39}
designmodo/Flat-UI,2013-03-03T15:36:49Z,{'totalCount': 180},{'totalCount': 188}
DrKLO/Telegram,2013-10-25T14:08:10Z,{'totalCount': 0},{'totalCount': 0}
svg/svgo,2012-08-22T10:41:43Z,{'totalCount': 629},{'totalCount': 925}
ionic-team/ionicons,2013-10-10T14:34:18Z,{'totalCount': 403},{'totalCount': 751}
yabwe/medium-editor,2013-05-29T17:40:11Z,{'totalCount': 601},{'totalCount': 910}
zsh-users/zsh-autosuggestions,2013-10-26T16:09:37Z,{'totalCount': 359},{'totalCount': 406}
oxford-cs-deepnlp-2017/lectures,2017-02-06T11:32:46Z,{'totalCount': 7},{'totalCount': 18}
sherlock-project/sherlock,2018-12-24T14:30:48Z,{'totalCount': 341},{'totalCount': 373}
apollographql/apollo-client,2016-02-26T20:25:00Z,{'totalCount': 2562},{'totalCount': 3109}
briannesbitt/Carbon,2012-09-08T02:56:20Z,{'totalCount': 951},{'totalCount': 956}
AllThingsSmitty/css-protips,2015-08-29T12:29:03Z,{'totalCount': 39},{'totalCount': 44}
jsdom/jsdom,2010-01-19T06:55:19Z,{'totalCount': 1521},{'totalCount': 1836}
envoyproxy/envoy,2016-08-08T15:07:24Z,{'totalCount': 3656},{'totalCount': 4478}
cocos2d/cocos2d-x,2010-11-18T23:17:00Z,{'totalCount': 3512},{'totalCount': 4818}
limetext/lime,2012-10-03T18:10:02Z,{'totalCount': 380},{'totalCount': 401}
nswbmw/N-blog,2013-05-27T06:46:58Z,{'totalCount': 419},{'totalCount': 436}
apache/skywalking,2015-11-07T03:30:36Z,{'totalCount': 2653},{'totalCount': 2713}
SpaceVim/SpaceVim,2016-12-26T04:40:55Z,{'totalCount': 1796},{'totalCount': 1856}
angular-ui/bootstrap,2012-10-05T18:27:01Z,{'totalCount': 4185},{'totalCount': 4455}
ccxt/ccxt,2017-05-14T15:41:56Z,{'totalCount': 4498},{'totalCount': 4815}
acdlite/recompose,2015-10-07T05:54:51Z,{'totalCount': 374},{'totalCount': 429}
charlax/professional-programming,2015-11-07T05:07:52Z,{'totalCount': 9},{'totalCount': 9}
binux/pyspider,2014-02-21T19:18:47Z,{'totalCount': 542},{'totalCount': 794}
go-delve/delve,2014-05-20T19:24:43Z,{'totalCount': 1027},{'totalCount': 1125}
spf13/spf13-vim,2010-04-20T16:20:16Z,{'totalCount': 412},{'totalCount': 722}
altercation/solarized,2011-02-18T05:18:27Z,{'totalCount': 96},{'totalCount': 245}
hackiftekhar/IQKeyboardManager,2013-08-25T11:32:48Z,{'totalCount': 1522},{'totalCount': 1573}
Shopify/draggable,2017-09-27T15:31:23Z,{'totalCount': 145},{'totalCount': 241}
vadimdemedes/ink,2017-06-12T06:12:28Z,{'totalCount': 174},{'totalCount': 198}
airbnb/react-sketchapp,2017-04-21T18:27:39Z,{'totalCount': 266},{'totalCount': 292}
rough-stuff/rough,2016-12-13T09:12:55Z,{'totalCount': 89},{'totalCount': 106}
pubkey/rxdb,2016-12-02T19:34:42Z,{'totalCount': 397},{'totalCount': 402}
infernojs/inferno,2015-02-01T22:07:38Z,{'totalCount': 784},{'totalCount': 823}
android10/Android-CleanArchitecture,2014-08-19T14:09:26Z,{'totalCount': 122},{'totalCount': 246}
kdeldycke/awesome-falsehood,2016-09-08T09:13:47Z,{'totalCount': 17},{'totalCount': 20}
hzlzh/Best-App,2013-08-30T14:32:19Z,{'totalCount': 36},{'totalCount': 68}
urfave/cli,2013-07-13T19:32:06Z,{'totalCount': 501},{'totalCount': 549}
huihut/interview,2018-02-09T09:49:48Z,{'totalCount': 34},{'totalCount': 36}
Kong/insomnia,2016-04-23T03:54:26Z,{'totalCount': 1444},{'totalCount': 1920}
Awesome-Windows/Awesome,2016-05-30T17:27:35Z,{'totalCount': 69},{'totalCount': 76}
trekhleb/homemade-machine-learning,2018-11-01T04:34:19Z,{'totalCount': 7},{'totalCount': 18}
twbs/ratchet,2012-08-17T05:41:57Z,{'totalCount': 334},{'totalCount': 536}
yudai/gotty,2015-08-16T09:48:33Z,{'totalCount': 120},{'totalCount': 195}
ipython/ipython,2010-05-10T04:46:06Z,{'totalCount': 5116},{'totalCount': 6463}
dotnet/core,2014-11-18T00:44:57Z,{'totalCount': 3293},{'totalCount': 3551}
helm/charts,2015-11-24T17:05:28Z,{'totalCount': 6030},{'totalCount': 6151}
hwdsl2/setup-ipsec-vpn,2016-01-07T16:44:12Z,{'totalCount': 791},{'totalCount': 791}
react-dnd/react-dnd,2014-10-19T13:29:28Z,{'totalCount': 1133},{'totalCount': 1293}
riot/riot,2013-09-27T05:21:01Z,{'totalCount': 2099},{'totalCount': 2103}
braydie/HowToBeAProgrammer,2016-01-04T16:47:54Z,{'totalCount': 17},{'totalCount': 21}
redisson/redisson,2014-01-11T14:06:25Z,{'totalCount': 2561},{'totalCount': 2715}
WordPress/WordPress,2011-12-01T07:05:17Z,{'totalCount': 0},{'totalCount': 0}
tj/git-extras,2010-08-04T16:32:07Z,{'totalCount': 229},{'totalCount': 319}
mybatis/mybatis-3,2013-02-14T19:03:32Z,{'totalCount': 914},{'totalCount': 1035}
2dust/v2rayN,2019-07-30T03:47:24Z,{'totalCount': 657},{'totalCount': 925}
luong-komorebi/Awesome-Linux-Software,2016-08-06T13:16:29Z,{'totalCount': 93},{'totalCount': 104}
electronicarts/CnC_Remastered_Collection,2020-03-30T17:48:04Z,{'totalCount': 16},{'totalCount': 82}
dianping/cat,2012-12-05T02:31:48Z,{'totalCount': 968},{'totalCount': 1041}
GeekyAnts/NativeBase,2016-04-15T11:37:23Z,{'totalCount': 2292},{'totalCount': 2504}
vim-airline/vim-airline,2013-06-30T18:49:56Z,{'totalCount': 1503},{'totalCount': 1526}
micro/go-micro,2015-01-13T23:30:18Z,{'totalCount': 674},{'totalCount': 702}
handsontable/handsontable,2011-05-23T22:38:58Z,{'totalCount': 5516},{'totalCount': 6188}
linlinjava/litemall,2018-03-22T16:42:30Z,{'totalCount': 265},{'totalCount': 295}
getlantern/download,2018-06-26T23:52:16Z,{'totalCount': 0},{'totalCount': 0}
toml-lang/toml,2013-02-24T03:03:57Z,{'totalCount': 352},{'totalCount': 378}
facebook/prepack,2015-10-28T23:25:08Z,{'totalCount': 577},{'totalCount': 767}
rancher/k3s,2018-05-31T01:37:46Z,{'totalCount': 819},{'totalCount': 1454}
forezp/SpringCloudLearning,2017-04-08T10:06:56Z,{'totalCount': 11},{'totalCount': 45}
apache/flink,2014-06-07T07:00:10Z,{'totalCount': 0},{'totalCount': 0}
academic/awesome-datascience,2014-07-05T07:07:43Z,{'totalCount': 32},{'totalCount': 34}
menzi11/BullshitGenerator,2019-10-28T17:05:51Z,{'totalCount': 28},{'totalCount': 140}
pytorch/examples,2016-08-24T03:12:48Z,{'totalCount': 221},{'totalCount': 429}
aFarkas/lazysizes,2014-10-11T21:03:26Z,{'totalCount': 571},{'totalCount': 707}
preservim/nerdtree,2008-03-10T07:34:08Z,{'totalCount': 787},{'totalCount': 793}
deezer/spleeter,2019-09-26T15:40:46Z,{'totalCount': 347},{'totalCount': 438}
marmelab/react-admin,2016-07-13T07:58:54Z,{'totalCount': 2524},{'totalCount': 2641}
alibaba/nacos,2018-06-15T06:49:27Z,{'totalCount': 2440},{'totalCount': 2765}
huge-success/sanic,2016-05-26T04:38:22Z,{'totalCount': 859},{'totalCount': 915}
janl/mustache.js,2009-10-04T23:41:19Z,{'totalCount': 376},{'totalCount': 431}
realm/realm-cocoa,2012-04-16T20:06:56Z,{'totalCount': 3783},{'totalCount': 4142}
css-modules/css-modules,2015-05-25T21:54:47Z,{'totalCount': 221},{'totalCount': 310}
philc/vimium,2009-09-20T07:08:19Z,{'totalCount': 1958},{'totalCount': 2697}
react-hook-form/react-hook-form,2019-03-05T23:47:10Z,{'totalCount': 1426},{'totalCount': 1430}
norvig/pytudes,2017-03-01T05:43:35Z,{'totalCount': 15},{'totalCount': 23}
bitcoinbook/bitcoinbook,2013-08-11T23:18:28Z,{'totalCount': 222},{'totalCount': 269}
bokeh/bokeh,2012-03-26T15:40:01Z,{'totalCount': 5592},{'totalCount': 6148}
dgraph-io/dgraph,2015-08-25T07:15:56Z,{'totalCount': 2302},{'totalCount': 2302}
typicode/lowdb,2014-04-02T02:16:06Z,{'totalCount': 222},{'totalCount': 315}
nfl/react-helmet,2015-06-18T00:07:34Z,{'totalCount': 204},{'totalCount': 331}
fbsamples/f8app,2016-03-10T21:45:12Z,{'totalCount': 187},{'totalCount': 203}
wangshub/wechat_jump_game,2017-12-29T02:00:19Z,{'totalCount': 958},{'totalCount': 984}
Carthage/Carthage,2014-10-10T19:54:55Z,{'totalCount': 1772},{'totalCount': 1920}
tensorflow/tfjs,2018-03-05T05:41:02Z,{'totalCount': 1965},{'totalCount': 2365}
michalsnik/aos,2015-07-09T17:49:00Z,{'totalCount': 324},{'totalCount': 501}
processing/p5.js,2013-02-26T03:14:47Z,{'totalCount': 2679},{'totalCount': 2779}
jumpserver/jumpserver,2014-07-04T03:54:59Z,{'totalCount': 2642},{'totalCount': 2771}
fivethirtyeight/data,2014-03-17T13:49:17Z,{'totalCount': 76},{'totalCount': 109}
oblador/react-native-vector-icons,2015-05-15T16:38:57Z,{'totalCount': 710},{'totalCount': 984}
ehang-io/nps,2018-11-04T13:22:51Z,{'totalCount': 499},{'totalCount': 561}
yaronn/blessed-contrib,2015-01-14T14:18:07Z,{'totalCount': 60},{'totalCount': 120}
DIYgod/RSSHub,2018-04-02T14:43:21Z,{'totalCount': 2002},{'totalCount': 2193}
realm/SwiftLint,2015-05-16T16:59:31Z,{'totalCount': 1329},{'totalCount': 1721}
haoel/leetcode,2014-10-20T03:22:04Z,{'totalCount': 34},{'totalCount': 51}
angular-ui/ui-router,2013-01-18T20:26:29Z,{'totalCount': 3153},{'totalCount': 3162}
facert/awesome-spider,2016-09-30T02:33:03Z,{'totalCount': 15},{'totalCount': 31}
PerfectlySoft/Perfect,2015-10-02T18:20:08Z,{'totalCount': 136},{'totalCount': 185}
openssl/openssl,2013-01-15T22:34:48Z,{'totalCount': 3509},{'totalCount': 4656}
locustio/locust,2011-02-17T11:08:03Z,{'totalCount': 966},{'totalCount': 1005}
ShareX/ShareX,2013-10-08T23:32:10Z,{'totalCount': 3834},{'totalCount': 4196}
ampproject/amphtml,2015-09-01T22:10:53Z,{'totalCount': 9599},{'totalCount': 11461}
apache/incubator-weex,2017-01-06T08:00:06Z,{'totalCount': 693},{'totalCount': 886}
cool-RR/PySnooper,2019-04-18T13:55:43Z,{'totalCount': 86},{'totalCount': 101}
jitsi/jitsi-meet,2013-12-16T12:51:09Z,{'totalCount': 3393},{'totalCount': 3803}
winterbe/java8-tutorial,2014-03-16T17:25:43Z,{'totalCount': 0},{'totalCount': 0}
hemanth/functional-programming-jargon,2015-02-22T16:04:42Z,{'totalCount': 42},{'totalCount': 63}
MengTo/Spring,2014-12-26T14:57:02Z,{'totalCount': 90},{'totalCount': 222}
nginx-proxy/nginx-proxy,2014-05-05T17:01:40Z,{'totalCount': 560},{'totalCount': 1101}
brettwooldridge/HikariCP,2013-10-08T05:43:03Z,{'totalCount': 1096},{'totalCount': 1337}
LingCoder/OnJava8,2018-11-20T05:41:18Z,{'totalCount': 133},{'totalCount': 159}
spotify/luigi,2012-09-20T15:06:38Z,{'totalCount': 827},{'totalCount': 865}
alibaba/Sentinel,2018-04-04T06:37:33Z,{'totalCount': 976},{'totalCount': 1181}
